event_ticker,target_date,knyc_high_f,clinyc_high_f,difference_f,absolute_difference_f,exact_integer_match,same_integer,within_1f,within_2f,same_kalshi_bucket,settlement_source_regime,regime,clinyc_source,knyc_source,evidence_class,confidence,knyc_provenance,clinyc_provenance
KXHIGHNY-26AUG02,2026-08-02,83.0,83.0,0.0,0.0,true,true,true,true,true,nws_cli_knyc,nws_cli_knyc,kalshi_expiration_value,iem_nws_cli,development,high,iem_nws_cli:KNYC:2026-08-02,kalshi_expiration_value:KXHIGHNY-26AUG02:C:\dev\Personal\kalshi-edge-lab\data\cache\weather\clinyc\KXHIGHNY-26AUG02.json
KXHIGHNY-26AUG03,2026-08-03,80.0,80.0,0.0,0.0,true,true,true,true,true,nws_cli_knyc,nws_cli_knyc,kalshi_expiration_value,iem_nws_cli,development,high,iem_nws_cli:KNYC:2026-08-03,kalshi_expiration_value:KXHIGHNY-26AUG03:C:\dev\Personal\kalshi-edge-lab\data\cache\weather\clinyc\KXHIGHNY-26AUG03.json
KXHIGHNY-26AUG04,2026-08-04,84.0,84.0,0.0,0.0,true,true,true,true,true,nws_cli_knyc,nws_cli_knyc,kalshi_expiration_value,iem_nws_cli,development,high,iem_nws_cli:KNYC:2026-08-04,kalshi_expiration_value:KXHIGHNY-26AUG04:C:\dev\Personal\kalshi-edge-lab\data\cache\weather\clinyc\KXHIGHNY-26AUG04.json
KXHIGHNY-26AUG05,2026-08-05,83.0,83.0,0.0,0.0,true,true,true,true,true,nws_cli_knyc,nws_cli_knyc,kalshi_expiration_value,iem_nws_cli,development,high,iem_nws_cli:KNYC:2026-08-05,kalshi_expiration_value:KXHIGHNY-26AUG05:C:\dev\Personal\kalshi-edge-lab\data\cache\weather\clinyc\KXHIGHNY-26AUG05.json
KXHIGHNY-26AUG06,2026-08-06,88.0,88.0,0.0,0.0,true,true,true,true,true,nws_cli_knyc,nws_cli_knyc,kalshi_expiration_value,iem_nws_cli,development,high,iem_nws_cli:KNYC:2026-08-06,kalshi_expiration_value:KXHIGHNY-26AUG06:C:\dev\Personal\kalshi-edge-lab\data\cache\weather\clinyc\KXHIGHNY-26AUG06.json
KXHIGHNY-26AUG07,2026-08-07,91.0,91.0,0.0,0.0,true,true,true,true,true,nws_cli_knyc,nws_cli_knyc,kalshi_expiration_value,iem_nws_cli,development,high,iem_nws_cli:KNYC:2026-08-07,kalshi_expiration_value:KXHIGHNY-26AUG07:C:\dev\Personal\kalshi-edge-lab\data\cache\weather\clinyc\KXHIGHNY-26AUG07.json
KXHIGHNY-26AUG08,2026-08-08,87.0,87.0,0.0,0.0,true,true,true,true,true,nws_cli_knyc,nws_cli_knyc,kalshi_expiration_value,iem_nws_cli,development,high,iem_nws_cli:KNYC:2026-08-08,kalshi_expiration_value:KXHIGHNY-26AUG08:C:\dev\Personal\kalshi-edge-lab\data\cache\weather\clinyc\KXHIGHNY-26AUG08.json
KXHIGHNY-26AUG09,2026-08-09,88.0,88.0,0.0,0.0,true,true,true,true,true,nws_cli_knyc,nws_cli_knyc,kalshi_expiration_value,iem_nws_cli,development,high,iem_nws_cli:KNYC:2026-08-09,kalshi_expiration_value:KXHIGHNY-26AUG09:C:\dev\Personal\kalshi-edge-lab\data\cache\weather\clinyc\KXHIGHNY-26AUG09.json
KXHIGHNY-26AUG10,2026-08-10,85.0,85.0,0.0,0.0,true,true,true,true,true,nws_cli_knyc,nws_cli_knyc,kalshi_expiration_value,iem_nws_cli,development,high,iem_nws_cli:KNYC:2026-08-10,kalshi_expiration_value:KXHIGHNY-26AUG10:C:\dev\Personal\kalshi-edge-lab\data\cache\weather\clinyc\KXHIGHNY-26AUG10.json
KXHIGHNY-26AUG11,2026-08-11,85.0,85.0,0.0,0.0,true,true,true,true,true,nws_cli_knyc,nws_cli_knyc,kalshi_expiration_value,iem_nws_cli,development,high,iem_nws_cli:KNYC:2026-08-11,kalshi_expiration_value:KXHIGHNY-26AUG11:C:\dev\Personal\kalshi-edge-lab\data\cache\weather\clinyc\KXHIGHNY-26AUG11.json
KXHIGHNY-26AUG12,2026-08-12,84.0,84.0,0.0,0.0,true,true,true,true,true,nws_cli_knyc,nws_cli_knyc,kalshi_expiration_value,iem_nws_cli,development,high,iem_nws_cli:KNYC:2026-08-12,kalshi_expiration_value:KXHIGHNY-26AUG12:C:\dev\Personal\kalshi-edge-lab\data\cache\weather\clinyc\KXHIGHNY-26AUG12.json
KXHIGHNY-26AUG13,2026-08-13,85.0,85.0,0.0,0.0,true,true,true,true,true,nws_cli_knyc,nws_cli_knyc,kalshi_expiration_value,iem_nws_cli,development,high,iem_nws_cli:KNYC:2026-08-13,kalshi_expiration_value:KXHIGHNY-26AUG13:C:\dev\Personal\kalshi-edge-lab\data\cache\weather\clinyc\KXHIGHNY-26AUG13.json
KXHIGHNY-26AUG14,2026-08-14,84.0,84.0,0.0,0.0,true,true,true,true,true,weather_company_clinyc,weather_company_clinyc,kalshi_expiration_value,iem_nws_cli,development,high,iem_nws_cli:KNYC:2026-08-14,kalshi_expiration_value:KXHIGHNY-26AUG14:C:\dev\Personal\kalshi-edge-lab\data\cache\weather\clinyc\KXHIGHNY-26AUG14.json
KXHIGHNY-26AUG15,2026-08-15,83.0,83.0,0.0,0.0,true,true,true,true,true,weather_company_clinyc,weather_company_clinyc,kalshi_expiration_value,iem_nws_cli,development,high,iem_nws_cli:KNYC:2026-08-15,kalshi_expiration_value:KXHIGHNY-26AUG15:C:\dev\Personal\kalshi-edge-lab\data\cache\weather\clinyc\KXHIGHNY-26AUG15.json
KXHIGHNY-26AUG16,2026-08-16,80.0,80.0,0.0,0.0,true,true,true,true,true,weather_company_clinyc,weather_company_clinyc,kalshi_expiration_value,iem_nws_cli,development,high,iem_nws_cli:KNYC:2026-08-16,kalshi_expiration_value:KXHIGHNY-26AUG16:C:\dev\Personal\kalshi-edge-lab\data\cache\weather\clinyc\KXHIGHNY-26AUG16.json
KXHIGHNY-26AUG17,2026-08-17,81.0,81.0,0.0,0.0,true,true,true,true,true,weather_company_clinyc,weather_company_clinyc,kalshi_expiration_value,iem_nws_cli,development,high,iem_nws_cli:KNYC:2026-08-17,kalshi_expiration_value:KXHIGHNY-26AUG17:C:\dev\Personal\kalshi-edge-lab\data\cache\weather\clinyc\KXHIGHNY-26AUG17.json
KXHIGHNY-26AUG18,2026-08-18,86.0,86.0,0.0,0.0,true,true,true,true,true,weather_company_clinyc,weather_company_clinyc,kalshi_expiration_value,iem_nws_cli,development,high,iem_nws_cli:KNYC:2026-08-18,kalshi_expiration_value:KXHIGHNY-26AUG18:C:\dev\Personal\kalshi-edge-lab\data\cache\weather\clinyc\KXHIGHNY-26AUG18.json
KXHIGHNY-26AUG19,2026-08-19,85.0,85.0,0.0,0.0,true,true,true,true,true,weather_company_clinyc,weather_company_clinyc,kalshi_expiration_value,iem_nws_cli,development,high,iem_nws_cli:KNYC:2026-08-19,kalshi_expiration_value:KXHIGHNY-26AUG19:C:\dev\Personal\kalshi-edge-lab\data\cache\weather\clinyc\KXHIGHNY-26AUG19.json
KXHIGHNY-26AUG20,2026-08-20,84.0,84.0,0.0,0.0,true,true,true,true,true,weather_company_clinyc,weather_company_clinyc,kalshi_expiration_value,iem_nws_cli,development,high,iem_nws_cli:KNYC:2026-08-20,kalshi_expiration_value:KXHIGHNY-26AUG20:C:\dev\Personal\kalshi-edge-lab\data\cache\weather\clinyc\KXHIGHNY-26AUG20.json
KXHIGHNY-26AUG21,2026-08-21,79.0,79.0,0.0,0.0,true,true,true,true,true,weather_company_clinyc,weather_company_clinyc,kalshi_expiration_value,iem_nws_cli,development,high,iem_nws_cli:KNYC:2026-08-21,kalshi_expiration_value:KXHIGHNY-26AUG21:C:\dev\Personal\kalshi-edge-lab\data\cache\weather\clinyc\KXHIGHNY-26AUG21.json
KXHIGHNY-26AUG22,2026-08-22,77.0,77.0,0.0,0.0,true,true,true,true,true,weather_company_clinyc,weather_company_clinyc,kalshi_expiration_value,iem_nws_cli,development,high,iem_nws_cli:KNYC:2026-08-22,kalshi_expiration_value:KXHIGHNY-26AUG22:C:\dev\Personal\kalshi-edge-lab\data\cache\weather\clinyc\KXHIGHNY-26AUG22.json
KXHIGHNY-26AUG23,2026-08-23,80.0,80.0,0.0,0.0,true,true,true,true,true,weather_company_clinyc,weather_company_clinyc,kalshi_expiration_value,iem_nws_cli,development,high,iem_nws_cli:KNYC:2026-08-23,kalshi_expiration_value:KXHIGHNY-26AUG23:C:\dev\Personal\kalshi-edge-lab\data\cache\weather\clinyc\KXHIGHNY-26AUG23.json
KXHIGHNY-26AUG24,2026-08-24,79.0,79.0,0.0,0.0,true,true,true,true,true,weather_company_clinyc,weather_company_clinyc,kalshi_expiration_value,iem_nws_cli,development,high,iem_nws_cli:KNYC:2026-08-24,kalshi_expiration_value:KXHIGHNY-26AUG24:C:\dev\Personal\kalshi-edge-lab\data\cache\weather\clinyc\KXHIGHNY-26AUG24.json
KXHIGHNY-26AUG25,2026-08-25,78.0,78.0,0.0,0.0,true,true,true,true,true,weather_company_clinyc,weather_company_clinyc,kalshi_expiration_value,iem_nws_cli,development,high,iem_nws_cli:KNYC:2026-08-25,kalshi_expiration_value:KXHIGHNY-26AUG25:C:\dev\Personal\kalshi-edge-lab\data\cache\weather\clinyc\KXHIGHNY-26AUG25.json
KXHIGHNY-26AUG26,2026-08-26,81.0,81.0,0.0,0.0,true,true,true,true,true,weather_company_clinyc,weather_company_clinyc,kalshi_expiration_value,iem_nws_cli,development,high,iem_nws_cli:KNYC:2026-08-26,kalshi_expiration_value:KXHIGHNY-26AUG26:C:\dev\Personal\kalshi-edge-lab\data\cache\weather\clinyc\KXHIGHNY-26AUG26.json
KXHIGHNY-26AUG27,2026-08-27,77.0,77.0,0.0,0.0,true,true,true,true,true,weather_company_clinyc,weather_company_clinyc,kalshi_expiration_value,iem_nws_cli,development,high,iem_nws_cli:KNYC:2026-08-27,kalshi_expiration_value:KXHIGHNY-26AUG27:C:\dev\Personal\kalshi-edge-lab\data\cache\weather\clinyc\KXHIGHNY-26AUG27.json
KXHIGHNY-26AUG28,2026-08-28,84.0,84.0,0.0,0.0,true,true,true,true,true,weather_company_clinyc,weather_company_clinyc,kalshi_expiration_value,iem_nws_cli,development,high,iem_nws_cli:KNYC:2026-08-28,kalshi_expiration_value:KXHIGHNY-26AUG28:C:\dev\Personal\kalshi-edge-lab\data\cache\weather\clinyc\KXHIGHNY-26AUG28.json
KXHIGHNY-26AUG29,2026-08-29,76.0,76.0,0.0,0.0,true,true,true,true,true,weather_company_clinyc,weather_company_clinyc,kalshi_expiration_value,iem_nws_cli,development,high,iem_nws_cli:KNYC:2026-08-29,kalshi_expiration_value:KXHIGHNY-26AUG29:C:\dev\Personal\kalshi-edge-lab\data\cache\weather\clinyc\KXHIGHNY-26AUG29.json
KXHIGHNY-26AUG30,2026-08-30,79.0,79.0,0.0,0.0,true,true,true,true,true,weather_company_clinyc,weather_company_clinyc,kalshi_expiration_value,iem_nws_cli,development,high,iem_nws_cli:KNYC:2026-08-30,kalshi_expiration_value:KXHIGHNY-26AUG30:C:\dev\Personal\kalshi-edge-lab\data\cache\weather\clinyc\KXHIGHNY-26AUG30.json
KXHIGHNY-26AUG31,2026-08-31,78.0,78.0,0.0,0.0,true,true,true,true,true,weather_company_clinyc,weather_company_clinyc,kalshi_expiration_value,iem_nws_cli,development,high,iem_nws_cli:KNYC:2026-08-31,kalshi_expiration_value:KXHIGHNY-26AUG31:C:\dev\Personal\kalshi-edge-lab\data\cache\weather\clinyc\KXHIGHNY-26AUG31.json
KXHIGHNY-26SEP01,2026-09-01,82.0,82.0,0.0,0.0,true,true,true,true,true,weather_company_clinyc,weather_company_clinyc,kalshi_expiration_value,iem_nws_cli,development,high,iem_nws_cli:KNYC:2026-09-01,kalshi_expiration_value:KXHIGHNY-26SEP01:C:\dev\Personal\kalshi-edge-lab\data\cache\weather\clinyc\KXHIGHNY-26SEP01.json
KXHIGHNY-26SEP02,2026-09-02,71.0,71.0,0.0,0.0,true,true,true,true,true,weather_company_clinyc,weather_company_clinyc,kalshi_expiration_value,iem_nws_cli,development,high,iem_nws_cli:KNYC:2026-09-02,kalshi_expiration_value:KXHIGHNY-26SEP02:C:\dev\Personal\kalshi-edge-lab\data\cache\weather\clinyc\KXHIGHNY-26SEP02.json
KXHIGHNY-26SEP03,2026-09-03,84.0,84.0,0.0,0.0,true,true,true,true,true,weather_company_clinyc,weather_company_clinyc,kalshi_expiration_value,iem_nws_cli,development,high,iem_nws_cli:KNYC:2026-09-03,kalshi_expiration_value:KXHIGHNY-26SEP03:C:\dev\Personal\kalshi-edge-lab\data\cache\weather\clinyc\KXHIGHNY-26SEP03.json
KXHIGHNY-26SEP04,2026-09-04,84.0,84.0,0.0,0.0,true,true,true,true,true,weather_company_clinyc,weather_company_clinyc,kalshi_expiration_value,iem_nws_cli,development,high,iem_nws_cli:KNYC:2026-09-04,kalshi_expiration_value:KXHIGHNY-26SEP04:C:\dev\Personal\kalshi-edge-lab\data\cache\weather\clinyc\KXHIGHNY-26SEP04.json
KXHIGHNY-26SEP05,2026-09-05,79.0,79.0,0.0,0.0,true,true,true,true,true,weather_company_clinyc,weather_company_clinyc,kalshi_expiration_value,iem_nws_cli,development,high,iem_nws_cli:KNYC:2026-09-05,kalshi_expiration_value:KXHIGHNY-26SEP05:C:\dev\Personal\kalshi-edge-lab\data\cache\weather\clinyc\KXHIGHNY-26SEP05.json
KXHIGHNY-26SEP06,2026-09-06,76.0,76.0,0.0,0.0,true,true,true,true,true,weather_company_clinyc,weather_company_clinyc,kalshi_expiration_value,iem_nws_cli,development,high,iem_nws_cli:KNYC:2026-09-06,kalshi_expiration_value:KXHIGHNY-26SEP06:C:\dev\Personal\kalshi-edge-lab\data\cache\weather\clinyc\KXHIGHNY-26SEP06.json
KXHIGHNY-26SEP07,2026-09-07,78.0,78.0,0.0,0.0,true,true,true,true,true,weather_company_clinyc,weather_company_clinyc,kalshi_expiration_value,iem_nws_cli,development,high,iem_nws_cli:KNYC:2026-09-07,kalshi_expiration_value:KXHIGHNY-26SEP07:C:\dev\Personal\kalshi-edge-lab\data\cache\weather\clinyc\KXHIGHNY-26SEP07.json
KXHIGHNY-26SEP08,2026-09-08,80.0,80.0,0.0,0.0,true,true,true,true,true,weather_company_clinyc,weather_company_clinyc,kalshi_expiration_value,iem_nws_cli,development,high,iem_nws_cli:KNYC:2026-09-08,kalshi_expiration_value:KXHIGHNY-26SEP08:C:\dev\Personal\kalshi-edge-lab\data\cache\weather\clinyc\KXHIGHNY-26SEP08.json
KXHIGHNY-26SEP09,2026-09-09,82.0,82.0,0.0,0.0,true,true,true,true,true,weather_company_clinyc,weather_company_clinyc,kalshi_expiration_value,iem_nws_cli,development,high,iem_nws_cli:KNYC:2026-09-09,kalshi_expiration_value:KXHIGHNY-26SEP09:C:\dev\Personal\kalshi-edge-lab\data\cache\weather\clinyc\KXHIGHNY-26SEP09.json
KXHIGHNY-26SEP10,2026-09-10,84.0,84.0,0.0,0.0,true,true,true,true,true,weather_company_clinyc,weather_company_clinyc,kalshi_expiration_value,iem_nws_cli,development,high,iem_nws_cli:KNYC:2026-09-10,kalshi_expiration_value:KXHIGHNY-26SEP10:C:\dev\Personal\kalshi-edge-lab\data\cache\weather\clinyc\KXHIGHNY-26SEP10.json
KXHIGHNY-26SEP11,2026-09-11,79.0,79.0,0.0,0.0,true,true,true,true,true,weather_company_clinyc,weather_company_clinyc,kalshi_expiration_value,iem_nws_cli,development,high,iem_nws_cli:KNYC:2026-09-11,kalshi_expiration_value:KXHIGHNY-26SEP11:C:\dev\Personal\kalshi-edge-lab\data\cache\weather\clinyc\KXHIGHNY-26SEP11.json
KXHIGHNY-26SEP12,2026-09-12,78.0,78.0,0.0,0.0,true,true,true,true,true,weather_company_clinyc,weather_company_clinyc,kalshi_expiration_value,iem_nws_cli,development,high,iem_nws_cli:KNYC:2026-09-12,kalshi_expiration_value:KXHIGHNY-26SEP12:C:\dev\Personal\kalshi-edge-lab\data\cache\weather\clinyc\KXHIGHNY-26SEP12.json
KXHIGHNY-26SEP13,2026-09-13,79.0,79.0,0.0,0.0,true,true,true,true,true,weather_company_clinyc,weather_company_clinyc,kalshi_expiration_value,iem_nws_cli,development,high,iem_nws_cli:KNYC:2026-09-13,kalshi_expiration_value:KXHIGHNY-26SEP13:C:\dev\Personal\kalshi-edge-lab\data\cache\weather\clinyc\KXHIGHNY-26SEP13.json
KXHIGHNY-26SEP14,2026-09-14,75.0,75.0,0.0,0.0,true,true,true,true,true,weather_company_clinyc,weather_company_clinyc,kalshi_expiration_value,iem_nws_cli,development,high,iem_nws_cli:KNYC:2026-09-14,kalshi_expiration_value:KXHIGHNY-26SEP14:C:\dev\Personal\kalshi-edge-lab\data\cache\weather\clinyc\KXHIGHNY-26SEP14.json
KXHIGHNY-26SEP15,2026-09-15,72.0,72.0,0.0,0.0,true,true,true,true,true,weather_company_clinyc,weather_company_clinyc,kalshi_expiration_value,iem_nws_cli,development,high,iem_nws_cli:KNYC:2026-09-15,kalshi_expiration_value:KXHIGHNY-26SEP15:C:\dev\Personal\kalshi-edge-lab\data\cache\weather\clinyc\KXHIGHNY-26SEP15.json
KXHIGHNY-26SEP16,2026-09-16,77.0,77.0,0.0,0.0,true,true,true,true,true,weather_company_clinyc,weather_company_clinyc,kalshi_expiration_value,iem_nws_cli,development,high,iem_nws_cli:KNYC:2026-09-16,kalshi_expiration_value:KXHIGHNY-26SEP16:C:\dev\Personal\kalshi-edge-lab\data\cache\weather\clinyc\KXHIGHNY-26SEP16.json
KXHIGHNY-26SEP17,2026-09-17,82.0,82.0,0.0,0.0,true,true,true,true,true,weather_company_clinyc,weather_company_clinyc,kalshi_expiration_value,iem_nws_cli,development,high,iem_nws_cli:KNYC:2026-09-17,kalshi_expiration_value:KXHIGHNY-26SEP17:C:\dev\Personal\kalshi-edge-lab\data\cache\weather\clinyc\KXHIGHNY-26SEP17.json
KXHIGHNY-26SEP18,2026-09-18,80.0,80.0,0.0,0.0,true,true,true,true,true,weather_company_clinyc,weather_company_clinyc,kalshi_expiration_value,iem_nws_cli,development,high,iem_nws_cli:KNYC:2026-09-18,kalshi_expiration_value:KXHIGHNY-26SEP18:C:\dev\Personal\kalshi-edge-lab\data\cache\weather\clinyc\KXHIGHNY-26SEP18.json
KXHIGHNY-26SEP19,2026-09-19,69.0,69.0,0.0,0.0,true,true,true,true,true,weather_company_clinyc,weather_company_clinyc,kalshi_expiration_value,iem_nws_cli,development,high,iem_nws_cli:KNYC:2026-09-19,kalshi_expiration_value:KXHIGHNY-26SEP19:C:\dev\Personal\kalshi-edge-lab\data\cache\weather\clinyc\KXHIGHNY-26SEP19.json
KXHIGHNY-26SEP20,2026-09-20,69.0,69.0,0.0,0.0,true,true,true,true,true,weather_company_clinyc,weather_company_clinyc,kalshi_expiration_value,iem_nws_cli,development,high,iem_nws_cli:KNYC:2026-09-20,kalshi_expiration_value:KXHIGHNY-26SEP20:C:\dev\Personal\kalshi-edge-lab\data\cache\weather\clinyc\KXHIGHNY-26SEP20.json
KXHIGHNY-26SEP21,2026-09-21,72.0,72.0,0.0,0.0,true,true,true,true,true,weather_company_clinyc,weather_company_clinyc,kalshi_expiration_value,iem_nws_cli,development,high,iem_nws_cli:KNYC:2026-09-21,kalshi_expiration_value:KXHIGHNY-26SEP21:C:\dev\Personal\kalshi-edge-lab\data\cache\weather\clinyc\KXHIGHNY-26SEP21.json
KXHIGHNY-26SEP22,2026-09-22,68.0,68.0,0.0,0.0,true,true,true,true,true,weather_company_clinyc,weather_company_clinyc,kalshi_expiration_value,iem_nws_cli,development,high,iem_nws_cli:KNYC:2026-09-22,kalshi_expiration_value:KXHIGHNY-26SEP22:C:\dev\Personal\kalshi-edge-lab\data\cache\weather\clinyc\KXHIGHNY-26SEP22.json
KXHIGHNY-26SEP23,2026-09-23,67.0,67.0,0.0,0.0,true,true,true,true,true,weather_company_clinyc,weather_company_clinyc,kalshi_expiration_value,iem_nws_cli,development,high,iem_nws_cli:KNYC:2026-09-23,kalshi_expiration_value:KXHIGHNY-26SEP23:C:\dev\Personal\kalshi-edge-lab\data\cache\weather\clinyc\KXHIGHNY-26SEP23.json
KXHIGHNY-26SEP24,2026-09-24,66.0,66.0,0.0,0.0,true,true,true,true,true,weather_company_clinyc,weather_company_clinyc,kalshi_expiration_value,iem_nws_cli,development,high,iem_nws_cli:KNYC:2026-09-24,kalshi_expiration_value:KXHIGHNY-26SEP24:C:\dev\Personal\kalshi-edge-lab\data\cache\weather\clinyc\KXHIGHNY-26SEP24.json
KXHIGHNY-26SEP25,2026-09-25,69.0,69.0,0.0,0.0,true,true,true,true,true,weather_company_clinyc,weather_company_clinyc,kalshi_expiration_value,iem_nws_cli,development,high,iem_nws_cli:KNYC:2026-09-25,kalshi_expiration_value:KXHIGHNY-26SEP25:C:\dev\Personal\kalshi-edge-lab\data\cache\weather\clinyc\KXHIGHNY-26SEP25.json
KXHIGHNY-26SEP26,2026-09-26,61.0,61.0,0.0,0.0,true,true,true,true,true,weather_company_clinyc,weather_company_clinyc,kalshi_expiration_value,iem_nws_cli,prospective,high,iem_nws_cli:KNYC:2026-09-26,kalshi_expiration_value:KXHIGHNY-26SEP26:C:\dev\Personal\kalshi-edge-lab\data\cache\weather\clinyc\KXHIGHNY-26SEP26.json
KXHIGHNY-26SEP27,2026-09-27,63.0,63.0,0.0,0.0,true,true,true,true,true,weather_company_clinyc,weather_company_clinyc,kalshi_expiration_value,iem_nws_cli,prospective,high,iem_nws_cli:KNYC:2026-09-27,kalshi_expiration_value:KXHIGHNY-26SEP27:C:\dev\Personal\kalshi-edge-lab\data\cache\weather\clinyc\KXHIGHNY-26SEP27.json
KXHIGHNY-26SEP28,2026-09-28,62.0,62.0,0.0,0.0,true,true,true,true,true,weather_company_clinyc,weather_company_clinyc,kalshi_expiration_value,iem_nws_cli,prospective,high,iem_nws_cli:KNYC:2026-09-28,kalshi_expiration_value:KXHIGHNY-26SEP28:C:\dev\Personal\kalshi-edge-lab\data\cache\weather\clinyc\KXHIGHNY-26SEP28.json
KXHIGHNY-26SEP29,2026-09-29,70.0,70.0,0.0,0.0,true,true,true,true,true,weather_company_clinyc,weather_company_clinyc,kalshi_expiration_value,iem_nws_cli,prospective,high,iem_nws_cli:KNYC:2026-09-29,kalshi_expiration_value:KXHIGHNY-26SEP29:C:\dev\Personal\kalshi-edge-lab\data\cache\weather\clinyc\KXHIGHNY-26SEP29.json
KXHIGHNY-26SEP30,2026-09-30,74.0,74.0,0.0,0.0,true,true,true,true,true,weather_company_clinyc,weather_company_clinyc,kalshi_expiration_value,iem_nws_cli,prospective,high,iem_nws_cli:KNYC:2026-09-30,kalshi_expiration_value:KXHIGHNY-26SEP30:C:\dev\Personal\kalshi-edge-lab\data\cache\weather\clinyc\KXHIGHNY-26SEP30.json
KXHIGHNY-26OCT01,2026-10-01,76.0,76.0,0.0,0.0,true,true,true,true,true,weather_company_clinyc,weather_company_clinyc,kalshi_expiration_value,iem_nws_cli,prospective,high,iem_nws_cli:KNYC:2026-10-01,kalshi_expiration_value:KXHIGHNY-26OCT01:C:\dev\Personal\kalshi-edge-lab\data\cache\weather\clinyc\KXHIGHNY-26OCT01.json
KXHIGHNY-26OCT02,2026-10-02,83.0,83.0,0.0,0.0,true,true,true,true,true,weather_company_clinyc,weather_company_clinyc,kalshi_expiration_value,iem_nws_cli,prospective,high,iem_nws_cli:KNYC:2026-10-02,kalshi_expiration_value:KXHIGHNY-26OCT02:C:\dev\Personal\kalshi-edge-lab\data\cache\weather\clinyc\KXHIGHNY-26OCT02.json
KXHIGHNY-26OCT03,2026-10-03,70.0,70.0,0.0,0.0,true,true,true,true,true,weather_company_clinyc,weather_company_clinyc,kalshi_expiration_value,iem_nws_cli,prospective,high,iem_nws_cli:KNYC:2026-10-03,kalshi_expiration_value:KXHIGHNY-26OCT03:C:\dev\Personal\kalshi-edge-lab\data\cache\weather\clinyc\KXHIGHNY-26OCT03.json
KXHIGHNY-26OCT04,2026-10-04,62.0,62.0,0.0,0.0,true,true,true,true,true,weather_company_clinyc,weather_company_clinyc,kalshi_expiration_value,iem_nws_cli,prospective,high,iem_nws_cli:KNYC:2026-10-04,kalshi_expiration_value:KXHIGHNY-26OCT04:C:\dev\Personal\kalshi-edge-lab\data\cache\weather\clinyc\KXHIGHNY-26OCT04.json
KXHIGHNY-26OCT05,2026-10-05,68.0,68.0,0.0,0.0,true,true,true,true,true,weather_company_clinyc,weather_company_clinyc,kalshi_expiration_value,iem_nws_cli,prospective,high,iem_nws_cli:KNYC:2026-10-05,kalshi_expiration_value:KXHIGHNY-26OCT05:C:\dev\Personal\kalshi-edge-lab\data\cache\weather\clinyc\KXHIGHNY-26OCT05.json
KXHIGHNY-26OCT06,2026-10-06,60.0,60.0,0.0,0.0,true,true,true,true,true,weather_company_clinyc,weather_company_clinyc,kalshi_expiration_value,iem_nws_cli,prospective,high,iem_nws_cli:KNYC:2026-10-06,kalshi_expiration_value:KXHIGHNY-26OCT06:C:\dev\Personal\kalshi-edge-lab\data\cache\weather\clinyc\KXHIGHNY-26OCT06.json
KXHIGHNY-26OCT07,2026-10-07,65.0,65.0,0.0,0.0,true,true,true,true,true,weather_company_clinyc,weather_company_clinyc,kalshi_expiration_value,iem_nws_cli,prospective,high,iem_nws_cli:KNYC:2026-10-07,kalshi_expiration_value:KXHIGHNY-26OCT07:C:\dev\Personal\kalshi-edge-lab\data\cache\weather\clinyc\KXHIGHNY-26OCT07.json
