target_date,checkpoint_utc,selected_run_init_utc,selected_available_at_utc,selected_last_non_null_valid_utc,required_final_valid_utc,newer_inits_absent_from_phase5_cache,newer_inits_present_null,newer_inits_present_usable,older_usable_inits_covering_window,another_run_eligible_under_phase5_rule,explanation
2026-04-02,2026-04-02T13:00:00+00:00,2026-04-02T09:00:00+00:00,2026-04-02T12:00:00+00:00,2026-04-03T03:00:00+00:00,2026-04-03T04:00:00+00:00,1,0,0,04-02T06Z,True,Phase 5 selected the newest init with a usable high in its cache (09Z). 1 newer latency-eligible hourly init(s) are not represented in the local Phase 5 cache. Older eligible runs covering the window (04-02T06Z) were not selected because the policy prefers the newest available run.
2026-04-03,2026-04-03T13:00:00+00:00,2026-04-03T09:00:00+00:00,2026-04-03T12:00:00+00:00,2026-04-04T03:00:00+00:00,2026-04-04T04:00:00+00:00,1,0,0,04-03T06Z 04-02T18Z 04-02T12Z 04-02T06Z,True,"Phase 5 selected the newest init with a usable high in its cache (09Z). 1 newer latency-eligible hourly init(s) are not represented in the local Phase 5 cache. Older eligible runs covering the window (04-03T06Z, 04-02T18Z, 04-02T12Z) were not selected because the policy prefers the newest available run."
2026-04-04,2026-04-04T13:00:00+00:00,2026-04-04T09:00:00+00:00,2026-04-04T12:00:00+00:00,2026-04-05T03:00:00+00:00,2026-04-05T04:00:00+00:00,1,0,0,04-04T06Z 04-03T18Z 04-03T12Z 04-03T06Z,True,"Phase 5 selected the newest init with a usable high in its cache (09Z). 1 newer latency-eligible hourly init(s) are not represented in the local Phase 5 cache. Older eligible runs covering the window (04-04T06Z, 04-03T18Z, 04-03T12Z) were not selected because the policy prefers the newest available run."
2026-04-05,2026-04-05T13:00:00+00:00,2026-04-05T09:00:00+00:00,2026-04-05T12:00:00+00:00,2026-04-06T03:00:00+00:00,2026-04-06T04:00:00+00:00,1,0,0,04-05T06Z 04-04T18Z 04-04T12Z 04-04T06Z,True,"Phase 5 selected the newest init with a usable high in its cache (09Z). 1 newer latency-eligible hourly init(s) are not represented in the local Phase 5 cache. Older eligible runs covering the window (04-05T06Z, 04-04T18Z, 04-04T12Z) were not selected because the policy prefers the newest available run."
2026-04-06,2026-04-06T13:00:00+00:00,2026-04-06T09:00:00+00:00,2026-04-06T12:00:00+00:00,2026-04-07T03:00:00+00:00,2026-04-07T04:00:00+00:00,1,0,0,04-06T06Z 04-05T18Z 04-05T12Z 04-05T06Z,True,"Phase 5 selected the newest init with a usable high in its cache (09Z). 1 newer latency-eligible hourly init(s) are not represented in the local Phase 5 cache. Older eligible runs covering the window (04-06T06Z, 04-05T18Z, 04-05T12Z) were not selected because the policy prefers the newest available run."
2026-04-07,2026-04-07T13:00:00+00:00,2026-04-07T09:00:00+00:00,2026-04-07T12:00:00+00:00,2026-04-08T03:00:00+00:00,2026-04-08T04:00:00+00:00,1,0,0,04-07T06Z 04-06T18Z 04-06T12Z 04-06T06Z,True,"Phase 5 selected the newest init with a usable high in its cache (09Z). 1 newer latency-eligible hourly init(s) are not represented in the local Phase 5 cache. Older eligible runs covering the window (04-07T06Z, 04-06T18Z, 04-06T12Z) were not selected because the policy prefers the newest available run."
2026-04-08,2026-04-08T13:00:00+00:00,2026-04-08T09:00:00+00:00,2026-04-08T12:00:00+00:00,2026-04-09T03:00:00+00:00,2026-04-09T04:00:00+00:00,1,0,0,04-08T06Z 04-07T18Z 04-07T12Z 04-07T06Z,True,"Phase 5 selected the newest init with a usable high in its cache (09Z). 1 newer latency-eligible hourly init(s) are not represented in the local Phase 5 cache. Older eligible runs covering the window (04-08T06Z, 04-07T18Z, 04-07T12Z) were not selected because the policy prefers the newest available run."
2026-04-09,2026-04-09T13:00:00+00:00,2026-04-09T09:00:00+00:00,2026-04-09T12:00:00+00:00,2026-04-10T03:00:00+00:00,2026-04-10T04:00:00+00:00,1,0,0,04-09T06Z 04-08T18Z 04-08T12Z 04-08T06Z,True,"Phase 5 selected the newest init with a usable high in its cache (09Z). 1 newer latency-eligible hourly init(s) are not represented in the local Phase 5 cache. Older eligible runs covering the window (04-09T06Z, 04-08T18Z, 04-08T12Z) were not selected because the policy prefers the newest available run."
2026-04-10,2026-04-10T13:00:00+00:00,2026-04-10T09:00:00+00:00,2026-04-10T12:00:00+00:00,2026-04-11T03:00:00+00:00,2026-04-11T04:00:00+00:00,1,0,0,04-10T06Z 04-09T18Z 04-09T12Z 04-09T06Z,True,"Phase 5 selected the newest init with a usable high in its cache (09Z). 1 newer latency-eligible hourly init(s) are not represented in the local Phase 5 cache. Older eligible runs covering the window (04-10T06Z, 04-09T18Z, 04-09T12Z) were not selected because the policy prefers the newest available run."
2026-04-11,2026-04-11T13:00:00+00:00,2026-04-11T09:00:00+00:00,2026-04-11T12:00:00+00:00,2026-04-12T03:00:00+00:00,2026-04-12T04:00:00+00:00,1,0,0,04-11T06Z 04-10T18Z 04-10T12Z 04-10T06Z,True,"Phase 5 selected the newest init with a usable high in its cache (09Z). 1 newer latency-eligible hourly init(s) are not represented in the local Phase 5 cache. Older eligible runs covering the window (04-11T06Z, 04-10T18Z, 04-10T12Z) were not selected because the policy prefers the newest available run."
2026-04-12,2026-04-12T13:00:00+00:00,2026-04-12T09:00:00+00:00,2026-04-12T12:00:00+00:00,2026-04-13T03:00:00+00:00,2026-04-13T04:00:00+00:00,1,0,0,04-12T06Z 04-11T18Z 04-11T12Z 04-11T06Z,True,"Phase 5 selected the newest init with a usable high in its cache (09Z). 1 newer latency-eligible hourly init(s) are not represented in the local Phase 5 cache. Older eligible runs covering the window (04-12T06Z, 04-11T18Z, 04-11T12Z) were not selected because the policy prefers the newest available run."
2026-04-13,2026-04-13T13:00:00+00:00,2026-04-13T09:00:00+00:00,2026-04-13T12:00:00+00:00,2026-04-14T03:00:00+00:00,2026-04-14T04:00:00+00:00,1,0,0,04-13T06Z 04-12T18Z 04-12T12Z 04-12T06Z,True,"Phase 5 selected the newest init with a usable high in its cache (09Z). 1 newer latency-eligible hourly init(s) are not represented in the local Phase 5 cache. Older eligible runs covering the window (04-13T06Z, 04-12T18Z, 04-12T12Z) were not selected because the policy prefers the newest available run."
2026-04-14,2026-04-14T13:00:00+00:00,2026-04-14T09:00:00+00:00,2026-04-14T12:00:00+00:00,2026-04-15T03:00:00+00:00,2026-04-15T04:00:00+00:00,1,0,0,04-14T06Z 04-13T18Z 04-13T12Z 04-13T06Z,True,"Phase 5 selected the newest init with a usable high in its cache (09Z). 1 newer latency-eligible hourly init(s) are not represented in the local Phase 5 cache. Older eligible runs covering the window (04-14T06Z, 04-13T18Z, 04-13T12Z) were not selected because the policy prefers the newest available run."
2026-04-15,2026-04-15T13:00:00+00:00,2026-04-15T09:00:00+00:00,2026-04-15T12:00:00+00:00,2026-04-16T03:00:00+00:00,2026-04-16T04:00:00+00:00,1,0,0,04-15T06Z 04-14T18Z 04-14T12Z 04-14T06Z,True,"Phase 5 selected the newest init with a usable high in its cache (09Z). 1 newer latency-eligible hourly init(s) are not represented in the local Phase 5 cache. Older eligible runs covering the window (04-15T06Z, 04-14T18Z, 04-14T12Z) were not selected because the policy prefers the newest available run."
2026-04-16,2026-04-16T13:00:00+00:00,2026-04-16T09:00:00+00:00,2026-04-16T12:00:00+00:00,2026-04-17T03:00:00+00:00,2026-04-17T04:00:00+00:00,1,0,0,04-16T06Z 04-15T18Z 04-15T12Z 04-15T06Z,True,"Phase 5 selected the newest init with a usable high in its cache (09Z). 1 newer latency-eligible hourly init(s) are not represented in the local Phase 5 cache. Older eligible runs covering the window (04-16T06Z, 04-15T18Z, 04-15T12Z) were not selected because the policy prefers the newest available run."
2026-04-17,2026-04-17T13:00:00+00:00,2026-04-17T09:00:00+00:00,2026-04-17T12:00:00+00:00,2026-04-18T03:00:00+00:00,2026-04-18T04:00:00+00:00,1,0,0,04-17T06Z 04-16T18Z 04-16T12Z 04-16T06Z,True,"Phase 5 selected the newest init with a usable high in its cache (09Z). 1 newer latency-eligible hourly init(s) are not represented in the local Phase 5 cache. Older eligible runs covering the window (04-17T06Z, 04-16T18Z, 04-16T12Z) were not selected because the policy prefers the newest available run."
2026-04-18,2026-04-18T13:00:00+00:00,2026-04-18T09:00:00+00:00,2026-04-18T12:00:00+00:00,2026-04-19T03:00:00+00:00,2026-04-19T04:00:00+00:00,1,0,0,04-18T06Z 04-17T18Z 04-17T12Z 04-17T06Z,True,"Phase 5 selected the newest init with a usable high in its cache (09Z). 1 newer latency-eligible hourly init(s) are not represented in the local Phase 5 cache. Older eligible runs covering the window (04-18T06Z, 04-17T18Z, 04-17T12Z) were not selected because the policy prefers the newest available run."
2026-04-19,2026-04-19T13:00:00+00:00,2026-04-19T09:00:00+00:00,2026-04-19T12:00:00+00:00,2026-04-20T03:00:00+00:00,2026-04-20T04:00:00+00:00,1,0,0,04-19T06Z 04-18T18Z 04-18T12Z 04-18T06Z,True,"Phase 5 selected the newest init with a usable high in its cache (09Z). 1 newer latency-eligible hourly init(s) are not represented in the local Phase 5 cache. Older eligible runs covering the window (04-19T06Z, 04-18T18Z, 04-18T12Z) were not selected because the policy prefers the newest available run."
2026-04-20,2026-04-20T13:00:00+00:00,2026-04-20T09:00:00+00:00,2026-04-20T12:00:00+00:00,2026-04-21T03:00:00+00:00,2026-04-21T04:00:00+00:00,1,0,0,04-20T06Z 04-19T18Z 04-19T12Z 04-19T06Z,True,"Phase 5 selected the newest init with a usable high in its cache (09Z). 1 newer latency-eligible hourly init(s) are not represented in the local Phase 5 cache. Older eligible runs covering the window (04-20T06Z, 04-19T18Z, 04-19T12Z) were not selected because the policy prefers the newest available run."
2026-04-21,2026-04-21T13:00:00+00:00,2026-04-21T09:00:00+00:00,2026-04-21T12:00:00+00:00,2026-04-22T03:00:00+00:00,2026-04-22T04:00:00+00:00,1,0,0,04-21T06Z 04-20T18Z 04-20T12Z 04-20T06Z,True,"Phase 5 selected the newest init with a usable high in its cache (09Z). 1 newer latency-eligible hourly init(s) are not represented in the local Phase 5 cache. Older eligible runs covering the window (04-21T06Z, 04-20T18Z, 04-20T12Z) were not selected because the policy prefers the newest available run."
2026-04-22,2026-04-22T13:00:00+00:00,2026-04-22T09:00:00+00:00,2026-04-22T12:00:00+00:00,2026-04-23T03:00:00+00:00,2026-04-23T04:00:00+00:00,1,0,0,04-22T06Z 04-21T18Z 04-21T12Z 04-21T06Z,True,"Phase 5 selected the newest init with a usable high in its cache (09Z). 1 newer latency-eligible hourly init(s) are not represented in the local Phase 5 cache. Older eligible runs covering the window (04-22T06Z, 04-21T18Z, 04-21T12Z) were not selected because the policy prefers the newest available run."
2026-04-23,2026-04-23T13:00:00+00:00,2026-04-23T09:00:00+00:00,2026-04-23T12:00:00+00:00,2026-04-24T03:00:00+00:00,2026-04-24T04:00:00+00:00,1,0,0,04-23T06Z 04-22T18Z 04-22T12Z 04-22T06Z,True,"Phase 5 selected the newest init with a usable high in its cache (09Z). 1 newer latency-eligible hourly init(s) are not represented in the local Phase 5 cache. Older eligible runs covering the window (04-23T06Z, 04-22T18Z, 04-22T12Z) were not selected because the policy prefers the newest available run."
2026-04-24,2026-04-24T13:00:00+00:00,2026-04-24T09:00:00+00:00,2026-04-24T12:00:00+00:00,2026-04-25T03:00:00+00:00,2026-04-25T04:00:00+00:00,1,0,0,04-24T06Z 04-23T18Z 04-23T12Z 04-23T06Z,True,"Phase 5 selected the newest init with a usable high in its cache (09Z). 1 newer latency-eligible hourly init(s) are not represented in the local Phase 5 cache. Older eligible runs covering the window (04-24T06Z, 04-23T18Z, 04-23T12Z) were not selected because the policy prefers the newest available run."
2026-04-25,2026-04-25T13:00:00+00:00,2026-04-25T09:00:00+00:00,2026-04-25T12:00:00+00:00,2026-04-26T03:00:00+00:00,2026-04-26T04:00:00+00:00,1,0,0,04-25T06Z 04-24T18Z 04-24T12Z 04-24T06Z,True,"Phase 5 selected the newest init with a usable high in its cache (09Z). 1 newer latency-eligible hourly init(s) are not represented in the local Phase 5 cache. Older eligible runs covering the window (04-25T06Z, 04-24T18Z, 04-24T12Z) were not selected because the policy prefers the newest available run."
2026-04-26,2026-04-26T13:00:00+00:00,2026-04-26T09:00:00+00:00,2026-04-26T12:00:00+00:00,2026-04-27T03:00:00+00:00,2026-04-27T04:00:00+00:00,1,0,0,04-26T06Z 04-25T18Z 04-25T12Z 04-25T06Z,True,"Phase 5 selected the newest init with a usable high in its cache (09Z). 1 newer latency-eligible hourly init(s) are not represented in the local Phase 5 cache. Older eligible runs covering the window (04-26T06Z, 04-25T18Z, 04-25T12Z) were not selected because the policy prefers the newest available run."
2026-04-27,2026-04-27T13:00:00+00:00,2026-04-27T09:00:00+00:00,2026-04-27T12:00:00+00:00,2026-04-28T03:00:00+00:00,2026-04-28T04:00:00+00:00,1,0,0,04-27T06Z 04-26T18Z 04-26T12Z 04-26T06Z,True,"Phase 5 selected the newest init with a usable high in its cache (09Z). 1 newer latency-eligible hourly init(s) are not represented in the local Phase 5 cache. Older eligible runs covering the window (04-27T06Z, 04-26T18Z, 04-26T12Z) were not selected because the policy prefers the newest available run."
2026-04-28,2026-04-28T13:00:00+00:00,2026-04-28T09:00:00+00:00,2026-04-28T12:00:00+00:00,2026-04-29T03:00:00+00:00,2026-04-29T04:00:00+00:00,1,0,0,04-28T06Z 04-27T18Z 04-27T12Z 04-27T06Z,True,"Phase 5 selected the newest init with a usable high in its cache (09Z). 1 newer latency-eligible hourly init(s) are not represented in the local Phase 5 cache. Older eligible runs covering the window (04-28T06Z, 04-27T18Z, 04-27T12Z) were not selected because the policy prefers the newest available run."
2026-04-29,2026-04-29T13:00:00+00:00,2026-04-29T09:00:00+00:00,2026-04-29T12:00:00+00:00,2026-04-30T03:00:00+00:00,2026-04-30T04:00:00+00:00,1,0,0,04-29T06Z 04-28T18Z 04-28T12Z 04-28T06Z,True,"Phase 5 selected the newest init with a usable high in its cache (09Z). 1 newer latency-eligible hourly init(s) are not represented in the local Phase 5 cache. Older eligible runs covering the window (04-29T06Z, 04-28T18Z, 04-28T12Z) were not selected because the policy prefers the newest available run."
2026-04-30,2026-04-30T13:00:00+00:00,2026-04-30T09:00:00+00:00,2026-04-30T12:00:00+00:00,2026-05-01T03:00:00+00:00,2026-05-01T04:00:00+00:00,1,0,0,04-30T06Z 04-29T18Z 04-29T12Z 04-29T06Z,True,"Phase 5 selected the newest init with a usable high in its cache (09Z). 1 newer latency-eligible hourly init(s) are not represented in the local Phase 5 cache. Older eligible runs covering the window (04-30T06Z, 04-29T18Z, 04-29T12Z) were not selected because the policy prefers the newest available run."
2026-05-01,2026-05-01T13:00:00+00:00,2026-05-01T09:00:00+00:00,2026-05-01T12:00:00+00:00,2026-05-02T03:00:00+00:00,2026-05-02T04:00:00+00:00,1,0,0,05-01T06Z 04-30T18Z 04-30T12Z 04-30T06Z,True,"Phase 5 selected the newest init with a usable high in its cache (09Z). 1 newer latency-eligible hourly init(s) are not represented in the local Phase 5 cache. Older eligible runs covering the window (05-01T06Z, 04-30T18Z, 04-30T12Z) were not selected because the policy prefers the newest available run."
2026-05-02,2026-05-02T13:00:00+00:00,2026-05-02T09:00:00+00:00,2026-05-02T12:00:00+00:00,2026-05-03T03:00:00+00:00,2026-05-03T04:00:00+00:00,1,0,0,05-02T06Z 05-01T18Z 05-01T12Z 05-01T06Z,True,"Phase 5 selected the newest init with a usable high in its cache (09Z). 1 newer latency-eligible hourly init(s) are not represented in the local Phase 5 cache. Older eligible runs covering the window (05-02T06Z, 05-01T18Z, 05-01T12Z) were not selected because the policy prefers the newest available run."
2026-05-03,2026-05-03T13:00:00+00:00,2026-05-03T09:00:00+00:00,2026-05-03T12:00:00+00:00,2026-05-04T03:00:00+00:00,2026-05-04T04:00:00+00:00,1,0,0,05-03T06Z 05-02T18Z 05-02T12Z 05-02T06Z,True,"Phase 5 selected the newest init with a usable high in its cache (09Z). 1 newer latency-eligible hourly init(s) are not represented in the local Phase 5 cache. Older eligible runs covering the window (05-03T06Z, 05-02T18Z, 05-02T12Z) were not selected because the policy prefers the newest available run."
2026-05-04,2026-05-04T13:00:00+00:00,2026-05-04T09:00:00+00:00,2026-05-04T12:00:00+00:00,2026-05-05T03:00:00+00:00,2026-05-05T04:00:00+00:00,1,0,0,05-04T06Z 05-03T18Z 05-03T12Z 05-03T06Z,True,"Phase 5 selected the newest init with a usable high in its cache (09Z). 1 newer latency-eligible hourly init(s) are not represented in the local Phase 5 cache. Older eligible runs covering the window (05-04T06Z, 05-03T18Z, 05-03T12Z) were not selected because the policy prefers the newest available run."
2026-05-05,2026-05-05T13:00:00+00:00,2026-05-05T09:00:00+00:00,2026-05-05T12:00:00+00:00,2026-05-06T03:00:00+00:00,2026-05-06T04:00:00+00:00,1,0,0,05-05T06Z 05-04T18Z 05-04T12Z 05-04T06Z,True,"Phase 5 selected the newest init with a usable high in its cache (09Z). 1 newer latency-eligible hourly init(s) are not represented in the local Phase 5 cache. Older eligible runs covering the window (05-05T06Z, 05-04T18Z, 05-04T12Z) were not selected because the policy prefers the newest available run."
2026-05-06,2026-05-06T13:00:00+00:00,2026-05-06T09:00:00+00:00,2026-05-06T12:00:00+00:00,2026-05-07T03:00:00+00:00,2026-05-07T04:00:00+00:00,1,0,0,05-06T06Z 05-05T18Z 05-05T12Z 05-05T06Z,True,"Phase 5 selected the newest init with a usable high in its cache (09Z). 1 newer latency-eligible hourly init(s) are not represented in the local Phase 5 cache. Older eligible runs covering the window (05-06T06Z, 05-05T18Z, 05-05T12Z) were not selected because the policy prefers the newest available run."
2026-05-07,2026-05-07T13:00:00+00:00,2026-05-07T09:00:00+00:00,2026-05-07T12:00:00+00:00,2026-05-08T03:00:00+00:00,2026-05-08T04:00:00+00:00,1,0,0,05-07T06Z 05-06T18Z 05-06T12Z 05-06T06Z,True,"Phase 5 selected the newest init with a usable high in its cache (09Z). 1 newer latency-eligible hourly init(s) are not represented in the local Phase 5 cache. Older eligible runs covering the window (05-07T06Z, 05-06T18Z, 05-06T12Z) were not selected because the policy prefers the newest available run."
2026-05-08,2026-05-08T13:00:00+00:00,2026-05-08T09:00:00+00:00,2026-05-08T12:00:00+00:00,2026-05-09T03:00:00+00:00,2026-05-09T04:00:00+00:00,1,0,0,05-08T06Z 05-07T18Z 05-07T12Z 05-07T06Z,True,"Phase 5 selected the newest init with a usable high in its cache (09Z). 1 newer latency-eligible hourly init(s) are not represented in the local Phase 5 cache. Older eligible runs covering the window (05-08T06Z, 05-07T18Z, 05-07T12Z) were not selected because the policy prefers the newest available run."
2026-05-09,2026-05-09T13:00:00+00:00,2026-05-09T09:00:00+00:00,2026-05-09T12:00:00+00:00,2026-05-10T03:00:00+00:00,2026-05-10T04:00:00+00:00,1,0,0,05-09T06Z 05-08T18Z 05-08T12Z 05-08T06Z,True,"Phase 5 selected the newest init with a usable high in its cache (09Z). 1 newer latency-eligible hourly init(s) are not represented in the local Phase 5 cache. Older eligible runs covering the window (05-09T06Z, 05-08T18Z, 05-08T12Z) were not selected because the policy prefers the newest available run."
2026-05-10,2026-05-10T13:00:00+00:00,2026-05-10T09:00:00+00:00,2026-05-10T12:00:00+00:00,2026-05-11T03:00:00+00:00,2026-05-11T04:00:00+00:00,1,0,0,05-10T06Z 05-09T18Z 05-09T12Z 05-09T06Z,True,"Phase 5 selected the newest init with a usable high in its cache (09Z). 1 newer latency-eligible hourly init(s) are not represented in the local Phase 5 cache. Older eligible runs covering the window (05-10T06Z, 05-09T18Z, 05-09T12Z) were not selected because the policy prefers the newest available run."
2026-05-11,2026-05-11T13:00:00+00:00,2026-05-11T09:00:00+00:00,2026-05-11T12:00:00+00:00,2026-05-12T03:00:00+00:00,2026-05-12T04:00:00+00:00,1,0,0,05-11T06Z 05-10T18Z 05-10T12Z 05-10T06Z,True,"Phase 5 selected the newest init with a usable high in its cache (09Z). 1 newer latency-eligible hourly init(s) are not represented in the local Phase 5 cache. Older eligible runs covering the window (05-11T06Z, 05-10T18Z, 05-10T12Z) were not selected because the policy prefers the newest available run."
2026-05-12,2026-05-12T13:00:00+00:00,2026-05-12T09:00:00+00:00,2026-05-12T12:00:00+00:00,2026-05-13T03:00:00+00:00,2026-05-13T04:00:00+00:00,1,0,0,05-12T06Z 05-11T18Z 05-11T12Z 05-11T06Z,True,"Phase 5 selected the newest init with a usable high in its cache (09Z). 1 newer latency-eligible hourly init(s) are not represented in the local Phase 5 cache. Older eligible runs covering the window (05-12T06Z, 05-11T18Z, 05-11T12Z) were not selected because the policy prefers the newest available run."
2026-05-13,2026-05-13T13:00:00+00:00,2026-05-13T09:00:00+00:00,2026-05-13T12:00:00+00:00,2026-05-14T03:00:00+00:00,2026-05-14T04:00:00+00:00,1,0,0,05-13T06Z 05-12T18Z 05-12T12Z 05-12T06Z,True,"Phase 5 selected the newest init with a usable high in its cache (09Z). 1 newer latency-eligible hourly init(s) are not represented in the local Phase 5 cache. Older eligible runs covering the window (05-13T06Z, 05-12T18Z, 05-12T12Z) were not selected because the policy prefers the newest available run."
2026-05-14,2026-05-14T13:00:00+00:00,2026-05-14T09:00:00+00:00,2026-05-14T12:00:00+00:00,2026-05-15T03:00:00+00:00,2026-05-15T04:00:00+00:00,1,0,0,05-14T06Z 05-13T18Z 05-13T12Z 05-13T06Z,True,"Phase 5 selected the newest init with a usable high in its cache (09Z). 1 newer latency-eligible hourly init(s) are not represented in the local Phase 5 cache. Older eligible runs covering the window (05-14T06Z, 05-13T18Z, 05-13T12Z) were not selected because the policy prefers the newest available run."
2026-05-15,2026-05-15T13:00:00+00:00,2026-05-15T09:00:00+00:00,2026-05-15T12:00:00+00:00,2026-05-16T03:00:00+00:00,2026-05-16T04:00:00+00:00,1,0,0,05-15T06Z 05-14T18Z 05-14T12Z 05-14T06Z,True,"Phase 5 selected the newest init with a usable high in its cache (09Z). 1 newer latency-eligible hourly init(s) are not represented in the local Phase 5 cache. Older eligible runs covering the window (05-15T06Z, 05-14T18Z, 05-14T12Z) were not selected because the policy prefers the newest available run."
2026-05-16,2026-05-16T13:00:00+00:00,2026-05-16T09:00:00+00:00,2026-05-16T12:00:00+00:00,2026-05-17T03:00:00+00:00,2026-05-17T04:00:00+00:00,1,0,0,05-16T06Z 05-15T18Z 05-15T12Z 05-15T06Z,True,"Phase 5 selected the newest init with a usable high in its cache (09Z). 1 newer latency-eligible hourly init(s) are not represented in the local Phase 5 cache. Older eligible runs covering the window (05-16T06Z, 05-15T18Z, 05-15T12Z) were not selected because the policy prefers the newest available run."
2026-05-17,2026-05-17T13:00:00+00:00,2026-05-17T09:00:00+00:00,2026-05-17T12:00:00+00:00,2026-05-18T03:00:00+00:00,2026-05-18T04:00:00+00:00,1,0,0,05-17T06Z 05-16T18Z 05-16T12Z 05-16T06Z,True,"Phase 5 selected the newest init with a usable high in its cache (09Z). 1 newer latency-eligible hourly init(s) are not represented in the local Phase 5 cache. Older eligible runs covering the window (05-17T06Z, 05-16T18Z, 05-16T12Z) were not selected because the policy prefers the newest available run."
2026-05-18,2026-05-18T13:00:00+00:00,2026-05-18T09:00:00+00:00,2026-05-18T12:00:00+00:00,2026-05-19T03:00:00+00:00,2026-05-19T04:00:00+00:00,1,0,0,05-18T06Z 05-17T18Z 05-17T12Z 05-17T06Z,True,"Phase 5 selected the newest init with a usable high in its cache (09Z). 1 newer latency-eligible hourly init(s) are not represented in the local Phase 5 cache. Older eligible runs covering the window (05-18T06Z, 05-17T18Z, 05-17T12Z) were not selected because the policy prefers the newest available run."
2026-05-19,2026-05-19T13:00:00+00:00,2026-05-19T09:00:00+00:00,2026-05-19T12:00:00+00:00,2026-05-20T03:00:00+00:00,2026-05-20T04:00:00+00:00,1,0,0,05-19T06Z 05-18T18Z 05-18T12Z 05-18T06Z,True,"Phase 5 selected the newest init with a usable high in its cache (09Z). 1 newer latency-eligible hourly init(s) are not represented in the local Phase 5 cache. Older eligible runs covering the window (05-19T06Z, 05-18T18Z, 05-18T12Z) were not selected because the policy prefers the newest available run."
2026-05-20,2026-05-20T13:00:00+00:00,2026-05-20T09:00:00+00:00,2026-05-20T12:00:00+00:00,2026-05-21T03:00:00+00:00,2026-05-21T04:00:00+00:00,1,0,0,05-20T06Z 05-19T18Z 05-19T12Z 05-19T06Z,True,"Phase 5 selected the newest init with a usable high in its cache (09Z). 1 newer latency-eligible hourly init(s) are not represented in the local Phase 5 cache. Older eligible runs covering the window (05-20T06Z, 05-19T18Z, 05-19T12Z) were not selected because the policy prefers the newest available run."
2026-05-22,2026-05-22T13:00:00+00:00,2026-05-22T09:00:00+00:00,2026-05-22T12:00:00+00:00,2026-05-23T03:00:00+00:00,2026-05-23T04:00:00+00:00,1,0,0,05-22T06Z 05-21T18Z 05-21T06Z,True,"Phase 5 selected the newest init with a usable high in its cache (09Z). 1 newer latency-eligible hourly init(s) are not represented in the local Phase 5 cache. Older eligible runs covering the window (05-22T06Z, 05-21T18Z, 05-21T06Z) were not selected because the policy prefers the newest available run."
2026-05-23,2026-05-23T13:00:00+00:00,2026-05-23T09:00:00+00:00,2026-05-23T12:00:00+00:00,2026-05-24T03:00:00+00:00,2026-05-24T04:00:00+00:00,1,0,0,05-23T06Z 05-22T18Z 05-22T12Z 05-22T06Z,True,"Phase 5 selected the newest init with a usable high in its cache (09Z). 1 newer latency-eligible hourly init(s) are not represented in the local Phase 5 cache. Older eligible runs covering the window (05-23T06Z, 05-22T18Z, 05-22T12Z) were not selected because the policy prefers the newest available run."
2026-05-24,2026-05-24T13:00:00+00:00,2026-05-24T09:00:00+00:00,2026-05-24T12:00:00+00:00,2026-05-25T03:00:00+00:00,2026-05-25T04:00:00+00:00,1,0,0,05-24T06Z 05-23T18Z 05-23T12Z 05-23T06Z,True,"Phase 5 selected the newest init with a usable high in its cache (09Z). 1 newer latency-eligible hourly init(s) are not represented in the local Phase 5 cache. Older eligible runs covering the window (05-24T06Z, 05-23T18Z, 05-23T12Z) were not selected because the policy prefers the newest available run."
2026-05-25,2026-05-25T13:00:00+00:00,2026-05-25T09:00:00+00:00,2026-05-25T12:00:00+00:00,2026-05-26T03:00:00+00:00,2026-05-26T04:00:00+00:00,1,0,0,05-25T06Z 05-24T18Z 05-24T12Z 05-24T06Z,True,"Phase 5 selected the newest init with a usable high in its cache (09Z). 1 newer latency-eligible hourly init(s) are not represented in the local Phase 5 cache. Older eligible runs covering the window (05-25T06Z, 05-24T18Z, 05-24T12Z) were not selected because the policy prefers the newest available run."
