level,key,cohort,family,primary_model,test_contracts,clusters,sufficient,brier_model,brier_naive,brier_event_model,brier_event_naive,logloss_model,logloss_naive,ece_model,base_rate,d_brier_vs_naive,d_brier_ci_lo,d_brier_ci_hi,class_contract_weighted,d_brier_event_vs_naive,d_brier_event_ci_lo,d_brier_event_ci_hi,class_event_equal,d_logloss_vs_naive,d_logloss_ci_lo,d_logloss_ci_hi,d_logloss_event_vs_naive,d_logloss_event_ci_lo,d_logloss_event_ci_hi,weighting_class_flip,classification_note
competition,argentina,exploratory,game_winner,score,1248,415,True,0.2130,0.2182,0.2132,0.2183,0.6157,0.6277,0.0125,0.3333,-0.0051,-0.0092,-0.0012,better,-0.0051,-0.0092,-0.0011,better,-0.0119,-0.0213,-0.0030,-0.0118,-0.0212,-0.0028,False,"exploratory, unadjusted for multiple comparisons"
competition,argentina,exploratory,score_props,score,170,170,True,0.2509,0.2594,0.2509,0.2594,0.6951,0.7125,0.0672,0.4882,-0.0085,-0.0155,-0.0010,better,-0.0085,-0.0155,-0.0010,better,-0.0174,-0.0319,-0.0020,-0.0174,-0.0319,-0.0020,False,"exploratory, unadjusted for multiple comparisons"
competition,argentina,exploratory,spread,score,733,170,True,0.0689,0.0686,0.0624,0.0619,0.2590,0.2577,0.0200,0.0764,0.0003,-0.0017,0.0021,unclear,0.0005,-0.0012,0.0022,unclear,0.0013,-0.0072,0.0100,0.0023,-0.0052,0.0100,False,"exploratory, unadjusted for multiple comparisons"
competition,argentina,exploratory,total,score,1058,170,True,0.1254,0.1303,0.1232,0.1269,0.3891,0.4034,0.0332,0.3554,-0.0049,-0.0087,-0.0010,better,-0.0037,-0.0074,-0.0000,better,-0.0144,-0.0270,-0.0026,-0.0105,-0.0216,0.0000,False,"exploratory, unadjusted for multiple comparisons"
competition,brasileiro,strict,game_winner,score,837,279,True,0.2070,0.2129,0.2070,0.2129,0.6023,0.6160,0.0183,0.3333,-0.0059,-0.0132,0.0009,unclear,-0.0059,-0.0132,0.0009,unclear,-0.0137,-0.0306,0.0019,-0.0137,-0.0306,0.0019,False,"exploratory, unadjusted for multiple comparisons"
competition,brasileiro,exploratory,score_props,score,102,102,True,0.2490,0.2517,0.2490,0.2517,0.6913,0.6965,0.1081,0.6176,-0.0026,-0.0123,0.0072,unclear,-0.0026,-0.0123,0.0072,unclear,-0.0052,-0.0246,0.0146,-0.0052,-0.0246,0.0146,False,"exploratory, unadjusted for multiple comparisons"
competition,brasileiro,exploratory,segment,score,918,102,True,0.1590,0.1592,0.1590,0.1592,0.4859,0.4884,0.0425,0.2691,-0.0001,-0.0037,0.0035,unclear,-0.0001,-0.0037,0.0035,unclear,-0.0024,-0.0132,0.0079,-0.0024,-0.0132,0.0079,False,"exploratory, unadjusted for multiple comparisons"
competition,brasileiro,exploratory,spread,score,1083,257,True,0.0850,0.0861,0.0820,0.0820,0.2989,0.3110,0.0259,0.0997,-0.0011,-0.0053,0.0033,unclear,-0.0000,-0.0040,0.0040,unclear,-0.0121,-0.0299,0.0054,-0.0070,-0.0222,0.0083,False,"exploratory, unadjusted for multiple comparisons"
competition,brasileiro,exploratory,team_total,score,754,102,True,0.1505,0.1559,0.1469,0.1503,0.4619,0.4831,0.0340,0.3607,-0.0054,-0.0125,0.0009,unclear,-0.0034,-0.0100,0.0023,unclear,-0.0213,-0.0456,-0.0003,-0.0141,-0.0352,0.0038,False,"exploratory, unadjusted for multiple comparisons"
competition,brasileiro,exploratory,total,score,1271,257,True,0.1577,0.1543,0.1626,0.1581,0.4822,0.4722,0.0298,0.3997,0.0033,-0.0013,0.0081,unclear,0.0045,-0.0003,0.0096,unclear,0.0100,-0.0018,0.0228,0.0131,0.0006,0.0262,False,"exploratory, unadjusted for multiple comparisons"
competition,bundesliga,strict,game_winner,score,621,207,True,0.1916,0.2158,0.1916,0.2158,0.5706,0.6221,0.0402,0.3333,-0.0242,-0.0364,-0.0117,better,-0.0242,-0.0364,-0.0117,better,-0.0515,-0.0823,-0.0181,-0.0515,-0.0823,-0.0181,False,"exploratory, unadjusted for multiple comparisons"
competition,bundesliga,strict,score_props,score,207,207,True,0.2320,0.2305,0.2320,0.2305,0.6559,0.6539,0.0547,0.6570,0.0015,-0.0071,0.0108,unclear,0.0015,-0.0071,0.0108,unclear,0.0020,-0.0166,0.0218,0.0020,-0.0166,0.0218,False,"exploratory, unadjusted for multiple comparisons"
competition,bundesliga,exploratory,segment,score,885,127,True,0.1913,0.1973,0.2098,0.2118,0.5657,0.5804,0.0454,0.3605,-0.0060,-0.0140,0.0016,unclear,-0.0020,-0.0115,0.0080,unclear,-0.0147,-0.0352,0.0045,-0.0035,-0.0269,0.0216,False,"exploratory, unadjusted for multiple comparisons"
competition,bundesliga,strict,spread,score,879,207,True,0.1135,0.1278,0.1080,0.1204,0.3714,0.4306,0.0118,0.1536,-0.0143,-0.0255,-0.0040,better,-0.0124,-0.0225,-0.0026,better,-0.0592,-0.1001,-0.0241,-0.0511,-0.0824,-0.0218,False,"exploratory, unadjusted for multiple comparisons"
competition,bundesliga,exploratory,team_total,score,313,36,False,0.1844,0.2047,0.1827,0.1989,0.5530,0.6217,0.0689,0.4377,-0.0204,-0.0442,0.0006,,-0.0162,-0.0376,0.0030,,-0.0687,-0.1641,0.0065,-0.0538,-0.1358,0.0129,False,"exploratory, unadjusted for multiple comparisons"
competition,bundesliga,strict,total,score,919,207,True,0.1732,0.1792,0.1790,0.1844,0.5233,0.5344,0.0398,0.5430,-0.0060,-0.0155,0.0035,unclear,-0.0054,-0.0150,0.0043,unclear,-0.0111,-0.0373,0.0155,-0.0099,-0.0343,0.0152,False,"exploratory, unadjusted for multiple comparisons"
competition,bundesliga2,exploratory,game_winner,score,513,171,True,0.2116,0.2155,0.2116,0.2155,0.6130,0.6216,0.0242,0.3333,-0.0038,-0.0099,0.0022,unclear,-0.0038,-0.0099,0.0022,unclear,-0.0086,-0.0221,0.0047,-0.0086,-0.0221,0.0047,False,"exploratory, unadjusted for multiple comparisons"
competition,bundesliga2,exploratory,score_props,score,54,54,True,0.2370,0.2343,0.2370,0.2343,0.6680,0.6615,0.0503,0.6296,0.0027,-0.0101,0.0167,unclear,0.0027,-0.0101,0.0167,unclear,0.0066,-0.0213,0.0370,0.0066,-0.0213,0.0370,False,"exploratory, unadjusted for multiple comparisons"
competition,bundesliga2,exploratory,spread,score,257,54,True,0.1091,0.1077,0.0940,0.0920,0.3920,0.3795,0.0246,0.1245,0.0014,-0.0025,0.0054,unclear,0.0019,-0.0014,0.0052,unclear,0.0125,-0.0117,0.0507,0.0107,-0.0075,0.0373,False,"exploratory, unadjusted for multiple comparisons"
competition,bundesliga2,exploratory,total,score,413,54,True,0.1563,0.1538,0.1494,0.1451,0.4938,0.4909,0.0493,0.4334,0.0025,-0.0035,0.0084,unclear,0.0043,-0.0018,0.0101,unclear,0.0029,-0.0186,0.0227,0.0093,-0.0108,0.0275,False,"exploratory, unadjusted for multiple comparisons"
competition,eflc,exploratory,score_props,score,95,95,True,0.2406,0.2405,0.2406,0.2405,0.6742,0.6742,0.1396,0.6842,0.0001,-0.0068,0.0069,unclear,0.0001,-0.0068,0.0069,unclear,0.0000,-0.0138,0.0140,0.0000,-0.0138,0.0140,False,"exploratory, unadjusted for multiple comparisons"
competition,eflc,exploratory,segment,score,855,95,True,0.1769,0.1776,0.1769,0.1776,0.5322,0.5321,0.0323,0.3123,-0.0006,-0.0039,0.0026,unclear,-0.0006,-0.0039,0.0026,unclear,0.0002,-0.0091,0.0092,0.0002,-0.0091,0.0092,False,"exploratory, unadjusted for multiple comparisons"
competition,eflc,exploratory,spread,score,563,128,True,0.0921,0.0937,0.0822,0.0841,0.3319,0.3344,0.0265,0.1083,-0.0016,-0.0059,0.0020,unclear,-0.0019,-0.0063,0.0018,unclear,-0.0025,-0.0211,0.0131,-0.0053,-0.0235,0.0092,False,"exploratory, unadjusted for multiple comparisons"
competition,eflc,exploratory,total,score,785,128,True,0.1394,0.1405,0.1435,0.1430,0.4291,0.4347,0.0459,0.4331,-0.0012,-0.0056,0.0030,unclear,0.0005,-0.0042,0.0048,unclear,-0.0055,-0.0219,0.0075,0.0008,-0.0129,0.0128,False,"exploratory, unadjusted for multiple comparisons"
competition,epl,strict,game_winner,score,732,244,True,0.2163,0.2252,0.2163,0.2252,0.6234,0.6440,0.0420,0.3333,-0.0089,-0.0178,-0.0005,better,-0.0089,-0.0178,-0.0005,better,-0.0206,-0.0407,-0.0011,-0.0206,-0.0407,-0.0011,False,"exploratory, unadjusted for multiple comparisons"
competition,epl,strict,score_props,score,245,244,True,0.2501,0.2471,0.2499,0.2467,0.6936,0.6874,0.0525,0.5592,0.0030,-0.0069,0.0134,unclear,0.0032,-0.0067,0.0137,unclear,0.0062,-0.0138,0.0276,0.0066,-0.0133,0.0281,False,"exploratory, unadjusted for multiple comparisons"
competition,epl,exploratory,segment,score,1261,149,True,0.1745,0.1799,0.1849,0.1933,0.5227,0.5372,0.0139,0.3029,-0.0054,-0.0092,-0.0018,better,-0.0084,-0.0139,-0.0033,better,-0.0145,-0.0246,-0.0050,-0.0211,-0.0339,-0.0093,False,"exploratory, unadjusted for multiple comparisons"
competition,epl,strict,spread,score,1024,244,True,0.0939,0.0971,0.0917,0.0946,0.3227,0.3402,0.0169,0.1113,-0.0032,-0.0074,0.0011,unclear,-0.0029,-0.0071,0.0013,unclear,-0.0174,-0.0323,-0.0027,-0.0172,-0.0320,-0.0021,False,"exploratory, unadjusted for multiple comparisons"
competition,epl,exploratory,team_total,score,514,69,True,0.1689,0.1708,0.1657,0.1678,0.5143,0.5205,0.0309,0.3716,-0.0019,-0.0091,0.0055,unclear,-0.0021,-0.0092,0.0055,unclear,-0.0062,-0.0271,0.0145,-0.0064,-0.0263,0.0137,False,"exploratory, unadjusted for multiple comparisons"
competition,epl,strict,total,score,1059,244,True,0.1850,0.1801,0.1912,0.1859,0.5527,0.5418,0.0261,0.4372,0.0049,-0.0024,0.0117,unclear,0.0053,-0.0026,0.0132,unclear,0.0109,-0.0082,0.0291,0.0121,-0.0082,0.0326,False,"exploratory, unadjusted for multiple comparisons"
competition,eredivisie,strict,game_winner,score,648,216,True,0.1987,0.2215,0.1987,0.2215,0.5844,0.6347,0.0339,0.3333,-0.0228,-0.0340,-0.0114,better,-0.0228,-0.0340,-0.0114,better,-0.0503,-0.0771,-0.0233,-0.0503,-0.0771,-0.0233,False,"exploratory, unadjusted for multiple comparisons"
competition,eredivisie,exploratory,score_props,score,62,62,True,0.2173,0.2265,0.2173,0.2265,0.6250,0.6459,0.0886,0.6935,-0.0092,-0.0290,0.0117,unclear,-0.0092,-0.0290,0.0117,unclear,-0.0209,-0.0639,0.0245,-0.0209,-0.0639,0.0245,False,"exploratory, unadjusted for multiple comparisons"
competition,eredivisie,exploratory,segment,score,558,62,True,0.1856,0.1956,0.1856,0.1956,0.5502,0.5796,0.0390,0.3477,-0.0101,-0.0178,-0.0023,better,-0.0101,-0.0178,-0.0023,better,-0.0294,-0.0513,-0.0081,-0.0294,-0.0513,-0.0081,False,"exploratory, unadjusted for multiple comparisons"
competition,eredivisie,exploratory,spread,score,483,100,True,0.1322,0.1520,0.1190,0.1365,0.4364,0.5081,0.0443,0.1822,-0.0197,-0.0304,-0.0083,better,-0.0175,-0.0279,-0.0071,better,-0.0716,-0.1136,-0.0271,-0.0607,-0.0973,-0.0209,False,"exploratory, unadjusted for multiple comparisons"
competition,eredivisie,exploratory,total,score,634,100,True,0.1420,0.1445,0.1526,0.1517,0.4345,0.4398,0.0445,0.4984,-0.0025,-0.0122,0.0073,unclear,0.0009,-0.0100,0.0117,unclear,-0.0053,-0.0321,0.0202,0.0042,-0.0242,0.0317,False,"exploratory, unadjusted for multiple comparisons"
competition,f1,exploratory,field_finish,score,698,16,True,0.1559,0.2124,0.1556,0.2124,0.6432,0.6138,0.1081,0.3424,-0.0564,-0.0885,-0.0204,better,-0.0568,-0.0885,-0.0210,better,0.0294,-0.1237,0.2002,0.0280,-0.1238,0.1981,False,"exploratory, unadjusted for multiple comparisons"
competition,f1,strict,field_finish,score,698,16,True,0.0756,0.0812,0.0755,0.0812,0.2325,0.2933,0.0360,0.0917,-0.0056,-0.0138,0.0023,unclear,-0.0057,-0.0138,0.0022,unclear,-0.0607,-0.0878,-0.0345,-0.0612,-0.0881,-0.0349,False,"exploratory, unadjusted for multiple comparisons"
competition,k_kxabagame,kalshi_settlement_only,game_winner,elo,232,116,True,0.2485,0.2500,0.2485,0.2500,0.6902,0.6931,0.0299,0.5000,-0.0015,-0.0113,0.0092,unclear,-0.0015,-0.0113,0.0092,unclear,-0.0030,-0.0229,0.0185,-0.0030,-0.0229,0.0185,False,"exploratory, unadjusted for multiple comparisons"
competition,k_kxacbgame,kalshi_settlement_only,game_winner,elo,348,174,True,0.2382,0.2500,0.2382,0.2500,0.6693,0.6931,0.0388,0.5000,-0.0118,-0.0230,-0.0006,better,-0.0118,-0.0230,-0.0006,better,-0.0238,-0.0468,-0.0006,-0.0238,-0.0468,-0.0006,False,"exploratory, unadjusted for multiple comparisons"
competition,k_kxaflgame,kalshi_settlement_only,game_winner,elo,430,215,True,0.2186,0.2500,0.2186,0.2500,0.6276,0.6931,0.0873,0.5000,-0.0314,-0.0426,-0.0202,better,-0.0314,-0.0426,-0.0202,better,-0.0656,-0.0891,-0.0423,-0.0656,-0.0891,-0.0423,False,"exploratory, unadjusted for multiple comparisons"
competition,k_kxahlgame,kalshi_settlement_only,game_winner,elo,1404,702,True,0.2530,0.2500,0.2530,0.2500,0.6999,0.6931,0.0538,0.5000,0.0030,-0.0033,0.0094,unclear,0.0030,-0.0033,0.0094,unclear,0.0068,-0.0062,0.0200,0.0068,-0.0062,0.0200,False,"exploratory, unadjusted for multiple comparisons"
competition,k_kxarglnbgame,kalshi_settlement_only,game_winner,elo,460,230,True,0.2470,0.2500,0.2470,0.2500,0.6870,0.6931,0.0146,0.5000,-0.0030,-0.0115,0.0057,unclear,-0.0030,-0.0115,0.0057,unclear,-0.0062,-0.0234,0.0116,-0.0062,-0.0234,0.0116,False,"exploratory, unadjusted for multiple comparisons"
competition,k_kxatpchallengerdoubles,kalshi_settlement_only,game_winner,elo,1088,544,True,0.2473,0.2500,0.2473,0.2500,0.6878,0.6931,0.0221,0.5000,-0.0027,-0.0052,-0.0001,better,-0.0027,-0.0052,-0.0001,better,-0.0053,-0.0104,-0.0001,-0.0053,-0.0104,-0.0001,False,"exploratory, unadjusted for multiple comparisons"
competition,k_kxatpchallengermatch,kalshi_settlement_only,game_winner,elo,18744,9372,True,0.2431,0.2500,0.2431,0.2500,0.6791,0.6931,0.0115,0.5000,-0.0069,-0.0083,-0.0055,better,-0.0069,-0.0083,-0.0055,better,-0.0140,-0.0168,-0.0112,-0.0140,-0.0168,-0.0112,False,"exploratory, unadjusted for multiple comparisons"
competition,k_kxatpdoubles,kalshi_settlement_only,game_winner,elo,692,346,True,0.2443,0.2500,0.2443,0.2500,0.6817,0.6931,0.0401,0.5000,-0.0057,-0.0113,-0.0001,better,-0.0057,-0.0113,-0.0001,better,-0.0115,-0.0230,0.0000,-0.0115,-0.0230,0.0000,False,"exploratory, unadjusted for multiple comparisons"
competition,k_kxatpmatch,kalshi_settlement_only,game_winner,elo,6712,3356,True,0.2366,0.2500,0.2366,0.2500,0.6649,0.6931,0.0385,0.5000,-0.0134,-0.0182,-0.0089,better,-0.0134,-0.0182,-0.0089,better,-0.0282,-0.0392,-0.0184,-0.0282,-0.0392,-0.0184,False,"exploratory, unadjusted for multiple comparisons"
competition,k_kxautbslgame,kalshi_settlement_only,game_winner,elo,30,15,False,0.2380,0.2500,0.2380,0.2500,0.6691,0.6931,0.1541,0.5000,-0.0120,-0.0228,-0.0034,,-0.0120,-0.0228,-0.0034,,-0.0240,-0.0457,-0.0067,-0.0240,-0.0457,-0.0067,False,"exploratory, unadjusted for multiple comparisons"
competition,k_kxbalgame,kalshi_settlement_only,game_winner,elo,74,37,False,0.2454,0.2500,0.2454,0.2500,0.6840,0.6931,0.0635,0.5000,-0.0046,-0.0170,0.0084,,-0.0046,-0.0170,0.0084,,-0.0091,-0.0343,0.0168,-0.0091,-0.0343,0.0168,False,"exploratory, unadjusted for multiple comparisons"
competition,k_kxbbintlgame,kalshi_settlement_only,game_winner,elo,22,11,False,0.2486,0.2500,0.2486,0.2500,0.6903,0.6931,0.0408,0.5000,-0.0014,-0.0075,0.0033,,-0.0014,-0.0075,0.0033,,-0.0029,-0.0150,0.0066,-0.0029,-0.0150,0.0066,False,"exploratory, unadjusted for multiple comparisons"
competition,k_kxbblgame,kalshi_settlement_only,game_winner,elo,404,202,True,0.2361,0.2500,0.2361,0.2500,0.6647,0.6931,0.0396,0.5000,-0.0139,-0.0246,-0.0034,better,-0.0139,-0.0246,-0.0034,better,-0.0285,-0.0505,-0.0068,-0.0285,-0.0505,-0.0068,False,"exploratory, unadjusted for multiple comparisons"
competition,k_kxbbseriea2game,kalshi_settlement_only,game_winner,elo,40,20,False,0.2435,0.2500,0.2435,0.2500,0.6800,0.6931,0.0897,0.5000,-0.0065,-0.0133,0.0004,,-0.0065,-0.0133,0.0004,,-0.0131,-0.0267,0.0007,-0.0131,-0.0267,0.0007,False,"exploratory, unadjusted for multiple comparisons"
competition,k_kxbbserieagame,kalshi_settlement_only,game_winner,elo,246,123,True,0.2411,0.2500,0.2411,0.2500,0.6755,0.6931,0.0222,0.5000,-0.0089,-0.0214,0.0041,unclear,-0.0089,-0.0214,0.0041,unclear,-0.0177,-0.0435,0.0089,-0.0177,-0.0435,0.0089,False,"exploratory, unadjusted for multiple comparisons"
competition,k_kxbbseriebgame,kalshi_settlement_only,game_winner,elo,38,19,False,0.2553,0.2500,0.2553,0.2500,0.7038,0.6931,0.0746,0.5000,0.0053,-0.0079,0.0192,,0.0053,-0.0079,0.0192,,0.0107,-0.0159,0.0386,0.0107,-0.0159,0.0386,False,"exploratory, unadjusted for multiple comparisons"
competition,k_kxbig3game,kalshi_settlement_only,game_winner,elo,70,35,False,0.2454,0.2500,0.2454,0.2500,0.6843,0.6931,0.1560,0.5000,-0.0046,-0.0223,0.0146,,-0.0046,-0.0223,0.0146,,-0.0088,-0.0447,0.0305,-0.0088,-0.0447,0.0305,False,"exploratory, unadjusted for multiple comparisons"
competition,k_kxbslgame,kalshi_settlement_only,game_winner,elo,256,125,True,0.2368,0.2500,0.2359,0.2500,0.6664,0.6931,0.0510,0.5000,-0.0132,-0.0237,-0.0025,better,-0.0141,-0.0245,-0.0034,better,-0.0267,-0.0481,-0.0050,-0.0286,-0.0497,-0.0066,False,"exploratory, unadjusted for multiple comparisons"
competition,k_kxbsngame,kalshi_settlement_only,game_winner,elo,254,127,True,0.2446,0.2500,0.2446,0.2500,0.6823,0.6931,0.0267,0.5000,-0.0054,-0.0164,0.0061,unclear,-0.0054,-0.0164,0.0061,unclear,-0.0109,-0.0333,0.0125,-0.0109,-0.0333,0.0125,False,"exploratory, unadjusted for multiple comparisons"
competition,k_kxcbagame,kalshi_settlement_only,game_winner,elo,732,366,True,0.2059,0.2500,0.2059,0.2500,0.5984,0.6931,0.0712,0.5000,-0.0441,-0.0560,-0.0318,better,-0.0441,-0.0560,-0.0318,better,-0.0947,-0.1202,-0.0687,-0.0947,-0.1202,-0.0687,False,"exploratory, unadjusted for multiple comparisons"
competition,k_kxceblgame,kalshi_settlement_only,game_winner,elo,36,18,False,0.2545,0.2500,0.2545,0.2500,0.7022,0.6931,0.0086,0.5000,0.0045,-0.0070,0.0173,,0.0045,-0.0070,0.0173,,0.0091,-0.0140,0.0349,0.0091,-0.0140,0.0349,False,"exploratory, unadjusted for multiple comparisons"
competition,k_kxcflgame,kalshi_settlement_only,game_winner,elo,138,69,True,0.2284,0.2500,0.2284,0.2500,0.6489,0.6931,0.0945,0.5000,-0.0216,-0.0370,-0.0053,better,-0.0216,-0.0370,-0.0053,better,-0.0443,-0.0761,-0.0110,-0.0443,-0.0761,-0.0110,False,"exploratory, unadjusted for multiple comparisons"
competition,k_kxcodgame,kalshi_settlement_only,game_winner,elo,518,259,True,0.2210,0.2500,0.2210,0.2500,0.6320,0.6931,0.0394,0.5000,-0.0290,-0.0415,-0.0150,better,-0.0290,-0.0415,-0.0150,better,-0.0611,-0.0876,-0.0315,-0.0611,-0.0876,-0.0315,False,"exploratory, unadjusted for multiple comparisons"
competition,k_kxcplmatch,kalshi_settlement_only,game_winner,elo,76,38,False,0.2529,0.2500,0.2529,0.2500,0.6988,0.6931,0.0572,0.5000,0.0029,-0.0117,0.0180,,0.0029,-0.0117,0.0180,,0.0057,-0.0239,0.0360,0.0057,-0.0239,0.0360,False,"exploratory, unadjusted for multiple comparisons"
competition,k_kxcricketodimatch,kalshi_settlement_only,game_winner,elo,42,21,False,0.2487,0.2500,0.2487,0.2500,0.6904,0.6931,0.0491,0.5000,-0.0013,-0.0153,0.0124,,-0.0013,-0.0153,0.0124,,-0.0027,-0.0308,0.0249,-0.0027,-0.0308,0.0249,False,"exploratory, unadjusted for multiple comparisons"
competition,k_kxcrickett20imatch,kalshi_settlement_only,game_winner,elo,38,19,False,0.2478,0.2500,0.2478,0.2500,0.6890,0.6931,0.0752,0.5000,-0.0022,-0.0250,0.0231,,-0.0022,-0.0250,0.0231,,-0.0042,-0.0503,0.0472,-0.0042,-0.0503,0.0472,False,"exploratory, unadjusted for multiple comparisons"
competition,k_kxcrickettestmatch,kalshi_settlement_only,game_winner,elo,10,5,False,0.2510,0.2500,0.2510,0.2500,0.6951,0.6931,0.1143,0.5000,0.0010,-0.0195,0.0219,,0.0010,-0.0195,0.0219,,0.0019,-0.0391,0.0438,0.0019,-0.0391,0.0438,False,"exploratory, unadjusted for multiple comparisons"
competition,k_kxcs2game,kalshi_settlement_only,game_winner,elo,6836,3416,True,0.2440,0.2500,0.2440,0.2500,0.6810,0.6931,0.0092,0.5000,-0.0060,-0.0081,-0.0037,better,-0.0060,-0.0082,-0.0038,better,-0.0122,-0.0166,-0.0076,-0.0122,-0.0167,-0.0076,False,"exploratory, unadjusted for multiple comparisons"
competition,k_kxczenblgame,kalshi_settlement_only,game_winner,elo,48,24,False,0.2322,0.2500,0.2322,0.2500,0.6573,0.6931,0.1807,0.5000,-0.0178,-0.0303,-0.0061,,-0.0178,-0.0303,-0.0061,,-0.0358,-0.0612,-0.0122,-0.0358,-0.0612,-0.0122,False,"exploratory, unadjusted for multiple comparisons"
competition,k_kxdartsmatch,kalshi_settlement_only,game_winner,elo,958,479,True,0.2409,0.2500,0.2409,0.2500,0.6747,0.6931,0.0309,0.5000,-0.0091,-0.0156,-0.0030,better,-0.0091,-0.0156,-0.0030,better,-0.0185,-0.0321,-0.0062,-0.0185,-0.0321,-0.0062,False,"exploratory, unadjusted for multiple comparisons"
competition,k_kxdaviscupmatch,kalshi_settlement_only,game_winner,elo,122,61,True,0.2474,0.2500,0.2474,0.2500,0.6879,0.6931,0.0266,0.5000,-0.0026,-0.0061,0.0007,unclear,-0.0026,-0.0061,0.0007,unclear,-0.0053,-0.0123,0.0014,-0.0053,-0.0123,0.0014,False,"exploratory, unadjusted for multiple comparisons"
competition,k_kxdbbgame,kalshi_settlement_only,game_winner,elo,8,4,False,0.2500,0.2500,0.2500,0.2500,0.6931,0.6931,0.0000,0.5000,0.0000,0.0000,0.0000,,0.0000,0.0000,0.0000,,0.0000,0.0000,0.0000,0.0000,0.0000,0.0000,False,"exploratory, unadjusted for multiple comparisons"
competition,k_kxdelgame,kalshi_settlement_only,game_winner,elo,282,141,True,0.2454,0.2500,0.2454,0.2500,0.6837,0.6931,0.0310,0.5000,-0.0046,-0.0144,0.0050,unclear,-0.0046,-0.0144,0.0050,unclear,-0.0095,-0.0294,0.0101,-0.0095,-0.0294,0.0101,False,"exploratory, unadjusted for multiple comparisons"
competition,k_kxdota2game,kalshi_settlement_only,game_winner,elo,1532,766,True,0.2370,0.2500,0.2370,0.2500,0.6667,0.6931,0.0285,0.5000,-0.0130,-0.0193,-0.0067,better,-0.0130,-0.0193,-0.0067,better,-0.0265,-0.0396,-0.0134,-0.0265,-0.0396,-0.0134,False,"exploratory, unadjusted for multiple comparisons"
competition,k_kxelhgame,kalshi_settlement_only,game_winner,elo,278,139,True,0.2391,0.2500,0.2391,0.2500,0.6708,0.6931,0.0247,0.5000,-0.0109,-0.0213,-0.0007,better,-0.0109,-0.0213,-0.0007,better,-0.0224,-0.0437,-0.0013,-0.0224,-0.0437,-0.0013,False,"exploratory, unadjusted for multiple comparisons"
competition,k_kxeurocupgame,kalshi_settlement_only,game_winner,elo,178,89,True,0.2464,0.2500,0.2464,0.2500,0.6859,0.6931,0.0134,0.5000,-0.0036,-0.0141,0.0079,unclear,-0.0036,-0.0141,0.0079,unclear,-0.0072,-0.0282,0.0162,-0.0072,-0.0282,0.0162,False,"exploratory, unadjusted for multiple comparisons"
competition,k_kxeuroleaguegame,kalshi_settlement_only,game_winner,elo,496,248,True,0.2415,0.2500,0.2415,0.2500,0.6766,0.6931,0.0566,0.5000,-0.0085,-0.0212,0.0042,unclear,-0.0085,-0.0212,0.0042,unclear,-0.0166,-0.0432,0.0104,-0.0166,-0.0432,0.0104,False,"exploratory, unadjusted for multiple comparisons"
competition,k_kxexhibitionmen,kalshi_settlement_only,game_winner,elo,2,1,False,0.2500,0.2500,0.2500,0.2500,0.6931,0.6931,0.0000,0.5000,0.0000,0.0000,0.0000,,0.0000,0.0000,0.0000,,0.0000,0.0000,0.0000,0.0000,0.0000,0.0000,False,"exploratory, unadjusted for multiple comparisons"
competition,k_kxfibaecupgame,kalshi_settlement_only,game_winner,elo,74,37,False,0.2375,0.2500,0.2375,0.2500,0.6681,0.6931,0.0752,0.5000,-0.0125,-0.0252,0.0006,,-0.0125,-0.0252,0.0006,,-0.0251,-0.0507,0.0013,-0.0251,-0.0507,0.0013,False,"exploratory, unadjusted for multiple comparisons"
competition,k_kxfibagame,kalshi_settlement_only,game_winner,elo,462,231,True,0.2380,0.2500,0.2380,0.2500,0.6689,0.6931,0.1012,0.5000,-0.0120,-0.0174,-0.0071,better,-0.0120,-0.0174,-0.0071,better,-0.0243,-0.0351,-0.0143,-0.0243,-0.0351,-0.0143,False,"exploratory, unadjusted for multiple comparisons"
competition,k_kxgblgame,kalshi_settlement_only,game_winner,elo,136,68,True,0.2305,0.2500,0.2305,0.2500,0.6539,0.6931,0.1596,0.5000,-0.0195,-0.0328,-0.0059,better,-0.0195,-0.0328,-0.0059,better,-0.0393,-0.0663,-0.0114,-0.0393,-0.0663,-0.0114,False,"exploratory, unadjusted for multiple comparisons"
competition,k_kxhundredmatch,kalshi_settlement_only,game_winner,elo,56,28,False,0.2432,0.2500,0.2432,0.2500,0.6794,0.6931,0.0100,0.5000,-0.0068,-0.0231,0.0099,,-0.0068,-0.0231,0.0099,,-0.0137,-0.0468,0.0201,-0.0137,-0.0468,0.0201,False,"exploratory, unadjusted for multiple comparisons"
competition,k_kxiihfgame,kalshi_settlement_only,game_winner,elo,144,72,True,0.2307,0.2500,0.2307,0.2500,0.6543,0.6931,0.1461,0.5000,-0.0193,-0.0281,-0.0106,better,-0.0193,-0.0281,-0.0106,better,-0.0388,-0.0568,-0.0213,-0.0388,-0.0568,-0.0213,False,"exploratory, unadjusted for multiple comparisons"
competition,k_kxiplgame,kalshi_settlement_only,game_winner,elo,144,72,True,0.2539,0.2500,0.2539,0.2500,0.7012,0.6931,0.0253,0.5000,0.0039,-0.0084,0.0162,unclear,0.0039,-0.0084,0.0162,unclear,0.0081,-0.0169,0.0329,0.0081,-0.0169,0.0329,False,"exploratory, unadjusted for multiple comparisons"
competition,k_kxislgame,kalshi_settlement_only,game_winner,elo,186,92,True,0.2396,0.2500,0.2398,0.2500,0.6719,0.6931,0.0401,0.5000,-0.0104,-0.0205,-0.0010,better,-0.0102,-0.0205,-0.0004,better,-0.0212,-0.0416,-0.0020,-0.0208,-0.0416,-0.0010,False,"exploratory, unadjusted for multiple comparisons"
competition,k_kxitfdoubles,kalshi_settlement_only,game_winner,elo,4832,2416,True,0.2476,0.2500,0.2476,0.2500,0.6883,0.6931,0.0293,0.5000,-0.0024,-0.0033,-0.0015,better,-0.0024,-0.0033,-0.0015,better,-0.0049,-0.0067,-0.0030,-0.0049,-0.0067,-0.0030,False,"exploratory, unadjusted for multiple comparisons"
competition,k_kxitfmatch,kalshi_settlement_only,game_winner,elo,37126,18563,True,0.2404,0.2500,0.2404,0.2500,0.6735,0.6931,0.0418,0.5000,-0.0096,-0.0104,-0.0088,better,-0.0096,-0.0104,-0.0088,better,-0.0196,-0.0213,-0.0179,-0.0196,-0.0213,-0.0179,False,"exploratory, unadjusted for multiple comparisons"
competition,k_kxitfwdoubles,kalshi_settlement_only,game_winner,elo,3926,1963,True,0.2477,0.2500,0.2477,0.2500,0.6886,0.6931,0.0150,0.5000,-0.0023,-0.0033,-0.0013,better,-0.0023,-0.0033,-0.0013,better,-0.0046,-0.0066,-0.0026,-0.0046,-0.0066,-0.0026,False,"exploratory, unadjusted for multiple comparisons"
competition,k_kxitfwmatch,kalshi_settlement_only,game_winner,elo,33262,16631,True,0.2404,0.2500,0.2404,0.2500,0.6736,0.6931,0.0357,0.5000,-0.0096,-0.0105,-0.0086,better,-0.0096,-0.0105,-0.0086,better,-0.0195,-0.0214,-0.0175,-0.0195,-0.0214,-0.0175,False,"exploratory, unadjusted for multiple comparisons"
competition,k_kxittfmenmatch,kalshi_settlement_only,game_winner,elo,94,47,False,0.2472,0.2500,0.2472,0.2500,0.6876,0.6931,0.0367,0.5000,-0.0028,-0.0064,0.0008,,-0.0028,-0.0064,0.0008,,-0.0055,-0.0128,0.0017,-0.0055,-0.0128,0.0017,False,"exploratory, unadjusted for multiple comparisons"
competition,k_kxjbleaguegame,kalshi_settlement_only,game_winner,elo,740,370,True,0.2251,0.2500,0.2251,0.2500,0.6414,0.6931,0.0524,0.5000,-0.0249,-0.0342,-0.0150,better,-0.0249,-0.0342,-0.0150,better,-0.0518,-0.0711,-0.0311,-0.0518,-0.0711,-0.0311,False,"exploratory, unadjusted for multiple comparisons"
competition,k_kxkblgame,kalshi_settlement_only,game_winner,elo,266,133,True,0.2432,0.2500,0.2432,0.2500,0.6800,0.6931,0.0750,0.5000,-0.0068,-0.0191,0.0076,unclear,-0.0068,-0.0191,0.0076,unclear,-0.0132,-0.0388,0.0168,-0.0132,-0.0388,0.0168,False,"exploratory, unadjusted for multiple comparisons"
competition,k_kxkbogame,kalshi_settlement_only,game_winner,elo,1344,672,True,0.2462,0.2500,0.2462,0.2500,0.6859,0.6931,0.0399,0.5000,-0.0038,-0.0122,0.0046,unclear,-0.0038,-0.0122,0.0046,unclear,-0.0072,-0.0249,0.0103,-0.0072,-0.0249,0.0103,False,"exploratory, unadjusted for multiple comparisons"
competition,k_kxkhlgame,kalshi_settlement_only,game_winner,elo,914,457,True,0.2338,0.2500,0.2338,0.2500,0.6610,0.6931,0.0453,0.5000,-0.0162,-0.0257,-0.0065,better,-0.0162,-0.0257,-0.0065,better,-0.0322,-0.0524,-0.0111,-0.0322,-0.0524,-0.0111,False,"exploratory, unadjusted for multiple comparisons"
competition,k_kxkorisliigagame,kalshi_settlement_only,game_winner,elo,22,11,False,0.2472,0.2500,0.2472,0.2500,0.6876,0.6931,0.0329,0.5000,-0.0028,-0.0137,0.0084,,-0.0028,-0.0137,0.0084,,-0.0055,-0.0274,0.0167,-0.0055,-0.0274,0.0167,False,"exploratory, unadjusted for multiple comparisons"
competition,k_kxlavercupdoublesmatch,kalshi_settlement_only,game_winner,elo,6,3,False,0.2500,0.2500,0.2500,0.2500,0.6931,0.6931,0.0000,0.5000,0.0000,0.0000,0.0000,,0.0000,0.0000,0.0000,,0.0000,0.0000,0.0000,0.0000,0.0000,0.0000,False,"exploratory, unadjusted for multiple comparisons"
competition,k_kxlavercupmatch,kalshi_settlement_only,game_winner,elo,10,5,False,0.2500,0.2500,0.2500,0.2500,0.6931,0.6931,0.0000,0.5000,0.0000,0.0000,0.0000,,0.0000,0.0000,0.0000,,0.0000,0.0000,0.0000,0.0000,0.0000,0.0000,False,"exploratory, unadjusted for multiple comparisons"
competition,k_kxlbpgame,kalshi_settlement_only,game_winner,elo,20,10,False,0.2320,0.2500,0.2320,0.2500,0.6571,0.6931,0.2170,0.5000,-0.0180,-0.0379,0.0061,,-0.0180,-0.0379,0.0061,,-0.0360,-0.0761,0.0124,-0.0360,-0.0761,0.0124,False,"exploratory, unadjusted for multiple comparisons"
competition,k_kxliigagame,kalshi_settlement_only,game_winner,elo,484,242,True,0.2491,0.2500,0.2491,0.2500,0.6915,0.6931,0.0771,0.5000,-0.0009,-0.0099,0.0080,unclear,-0.0009,-0.0099,0.0080,unclear,-0.0017,-0.0200,0.0166,-0.0017,-0.0200,0.0166,False,"exploratory, unadjusted for multiple comparisons"
competition,k_kxlklgame,kalshi_settlement_only,game_winner,elo,24,12,False,0.2488,0.2500,0.2488,0.2500,0.6908,0.6931,0.0130,0.5000,-0.0012,-0.0111,0.0076,,-0.0012,-0.0111,0.0076,,-0.0023,-0.0221,0.0152,-0.0023,-0.0221,0.0152,False,"exploratory, unadjusted for multiple comparisons"
competition,k_kxlmbgame,kalshi_settlement_only,game_winner,elo,808,404,True,0.2455,0.2500,0.2455,0.2500,0.6842,0.6931,0.0272,0.5000,-0.0045,-0.0130,0.0039,unclear,-0.0045,-0.0130,0.0039,unclear,-0.0090,-0.0269,0.0087,-0.0090,-0.0269,0.0087,False,"exploratory, unadjusted for multiple comparisons"
competition,k_kxlnbelite2game,kalshi_settlement_only,game_winner,elo,40,20,False,0.2502,0.2500,0.2502,0.2500,0.6936,0.6931,0.0069,0.5000,0.0002,-0.0065,0.0073,,0.0002,-0.0065,0.0073,,0.0005,-0.0131,0.0145,0.0005,-0.0131,0.0145,False,"exploratory, unadjusted for multiple comparisons"
competition,k_kxlnbelitegame,kalshi_settlement_only,game_winner,elo,332,166,True,0.2364,0.2500,0.2364,0.2500,0.6655,0.6931,0.0605,0.5000,-0.0136,-0.0240,-0.0033,better,-0.0136,-0.0240,-0.0033,better,-0.0276,-0.0489,-0.0067,-0.0276,-0.0489,-0.0067,False,"exploratory, unadjusted for multiple comparisons"
competition,k_kxlnbpgame,kalshi_settlement_only,game_winner,elo,354,177,True,0.2322,0.2500,0.2322,0.2500,0.6566,0.6931,0.0428,0.5000,-0.0178,-0.0310,-0.0052,better,-0.0178,-0.0310,-0.0052,better,-0.0365,-0.0641,-0.0104,-0.0365,-0.0641,-0.0104,False,"exploratory, unadjusted for multiple comparisons"
competition,k_kxlolgame,kalshi_settlement_only,game_winner,elo,3550,1775,True,0.2295,0.2500,0.2295,0.2500,0.6511,0.6931,0.0539,0.5000,-0.0205,-0.0244,-0.0165,better,-0.0205,-0.0244,-0.0165,better,-0.0420,-0.0503,-0.0334,-0.0420,-0.0503,-0.0334,False,"exploratory, unadjusted for multiple comparisons"
competition,k_kxlpbgame,kalshi_settlement_only,game_winner,elo,14,7,False,0.2414,0.2500,0.2414,0.2500,0.6759,0.6931,0.0520,0.5000,-0.0086,-0.0264,0.0075,,-0.0086,-0.0264,0.0075,,-0.0172,-0.0529,0.0150,-0.0172,-0.0529,0.0150,False,"exploratory, unadjusted for multiple comparisons"
competition,k_kxlplmatch,kalshi_settlement_only,game_winner,elo,26,13,False,0.2540,0.2500,0.2540,0.2500,0.7012,0.6931,0.0962,0.5000,0.0040,-0.0113,0.0197,,0.0040,-0.0113,0.0197,,0.0081,-0.0226,0.0396,0.0081,-0.0226,0.0396,False,"exploratory, unadjusted for multiple comparisons"
competition,k_kxmixeddoublesmatch,kalshi_settlement_only,game_winner,elo,42,21,False,0.2494,0.2500,0.2494,0.2500,0.6920,0.6931,0.0091,0.5000,-0.0006,-0.0064,0.0061,,-0.0006,-0.0064,0.0061,,-0.0011,-0.0128,0.0122,-0.0011,-0.0128,0.0122,False,"exploratory, unadjusted for multiple comparisons"
competition,k_kxmmafight,kalshi_settlement_only,game_winner,elo,30,15,False,0.2500,0.2500,0.2500,0.2500,0.6931,0.6931,0.0000,0.5000,0.0000,0.0000,0.0000,,0.0000,0.0000,0.0000,,0.0000,0.0000,0.0000,0.0000,0.0000,0.0000,False,"exploratory, unadjusted for multiple comparisons"
competition,k_kxnbasummergame,kalshi_settlement_only,game_winner,elo,186,93,True,0.2511,0.2500,0.2511,0.2500,0.6953,0.6931,0.0375,0.5000,0.0011,-0.0070,0.0086,unclear,0.0011,-0.0070,0.0086,unclear,0.0022,-0.0142,0.0172,0.0022,-0.0142,0.0172,False,"exploratory, unadjusted for multiple comparisons"
competition,k_kxnbbgame,kalshi_settlement_only,game_winner,elo,20,10,False,0.2603,0.2500,0.2603,0.2500,0.7139,0.6931,0.1182,0.5000,0.0103,-0.0039,0.0249,,0.0103,-0.0039,0.0249,,0.0207,-0.0078,0.0499,0.0207,-0.0078,0.0499,False,"exploratory, unadjusted for multiple comparisons"
competition,k_kxnblgame,kalshi_settlement_only,game_winner,elo,186,93,True,0.2271,0.2500,0.2271,0.2500,0.6447,0.6931,0.0340,0.5000,-0.0229,-0.0422,-0.0020,better,-0.0229,-0.0422,-0.0020,better,-0.0484,-0.0890,-0.0047,-0.0484,-0.0890,-0.0047,False,"exploratory, unadjusted for multiple comparisons"
competition,k_kxncaabbgame,kalshi_settlement_only,game_winner,elo,14344,7172,True,0.2331,0.2500,0.2331,0.2500,0.6585,0.6931,0.0271,0.5000,-0.0169,-0.0191,-0.0146,better,-0.0169,-0.0191,-0.0146,better,-0.0347,-0.0393,-0.0300,-0.0347,-0.0393,-0.0300,False,"exploratory, unadjusted for multiple comparisons"
competition,k_kxncaahgame,kalshi_settlement_only,game_winner,elo,26,13,False,0.2449,0.2500,0.2449,0.2500,0.6829,0.6931,0.0716,0.5000,-0.0051,-0.0128,0.0000,,-0.0051,-0.0128,0.0000,,-0.0103,-0.0257,0.0000,-0.0103,-0.0257,0.0000,False,"exploratory, unadjusted for multiple comparisons"
competition,k_kxncaahockeygame,kalshi_settlement_only,game_winner,elo,106,53,True,0.2469,0.2500,0.2469,0.2500,0.6869,0.6931,0.0692,0.5000,-0.0031,-0.0096,0.0031,unclear,-0.0031,-0.0096,0.0031,unclear,-0.0063,-0.0192,0.0063,-0.0063,-0.0192,0.0063,False,"exploratory, unadjusted for multiple comparisons"
competition,k_kxncaamlaxgame,kalshi_settlement_only,game_winner,elo,882,441,True,0.2370,0.2500,0.2370,0.2500,0.6669,0.6931,0.0610,0.5000,-0.0130,-0.0176,-0.0078,better,-0.0130,-0.0176,-0.0078,better,-0.0263,-0.0357,-0.0157,-0.0263,-0.0357,-0.0157,False,"exploratory, unadjusted for multiple comparisons"
competition,k_kxncaasbgame,kalshi_settlement_only,game_winner,elo,24,12,False,0.2479,0.2500,0.2479,0.2500,0.6889,0.6931,0.0250,0.5000,-0.0021,-0.0138,0.0093,,-0.0021,-0.0138,0.0093,,-0.0042,-0.0276,0.0186,-0.0042,-0.0276,0.0186,False,"exploratory, unadjusted for multiple comparisons"
competition,k_kxncaawvmatch,kalshi_settlement_only,game_winner,elo,1540,770,True,0.2395,0.2500,0.2395,0.2500,0.6720,0.6931,0.0870,0.5000,-0.0105,-0.0130,-0.0080,better,-0.0105,-0.0130,-0.0080,better,-0.0212,-0.0262,-0.0162,-0.0212,-0.0262,-0.0162,False,"exploratory, unadjusted for multiple comparisons"
competition,k_kxnlgame,kalshi_settlement_only,game_winner,elo,288,144,True,0.2462,0.2500,0.2462,0.2500,0.6857,0.6931,0.0593,0.5000,-0.0038,-0.0173,0.0102,unclear,-0.0038,-0.0173,0.0102,unclear,-0.0075,-0.0352,0.0213,-0.0075,-0.0352,0.0213,False,"exploratory, unadjusted for multiple comparisons"
competition,k_kxnpbgame,kalshi_settlement_only,game_winner,elo,1652,826,True,0.2500,0.2500,0.2500,0.2500,0.6945,0.6931,0.0435,0.5000,-0.0000,-0.0075,0.0072,unclear,-0.0000,-0.0075,0.0072,unclear,0.0013,-0.0141,0.0166,0.0013,-0.0141,0.0166,False,"exploratory, unadjusted for multiple comparisons"
competition,k_kxnznblgame,kalshi_settlement_only,game_winner,elo,200,100,True,0.2138,0.2500,0.2138,0.2500,0.6182,0.6931,0.0892,0.5000,-0.0362,-0.0516,-0.0210,better,-0.0362,-0.0516,-0.0210,better,-0.0749,-0.1071,-0.0424,-0.0749,-0.1071,-0.0424,False,"exploratory, unadjusted for multiple comparisons"
competition,k_kxodimatch,kalshi_settlement_only,game_winner,elo,264,132,True,0.2520,0.2500,0.2520,0.2500,0.6972,0.6931,0.0279,0.5000,0.0020,-0.0051,0.0095,unclear,0.0020,-0.0051,0.0095,unclear,0.0041,-0.0103,0.0192,0.0041,-0.0103,0.0192,False,"exploratory, unadjusted for multiple comparisons"
competition,k_kxowgame,kalshi_settlement_only,game_winner,elo,572,286,True,0.2126,0.2500,0.2126,0.2500,0.6165,0.6931,0.1794,0.5000,-0.0374,-0.0444,-0.0303,better,-0.0374,-0.0444,-0.0303,better,-0.0766,-0.0911,-0.0620,-0.0766,-0.0911,-0.0620,False,"exploratory, unadjusted for multiple comparisons"
competition,k_kxpbagame,kalshi_settlement_only,game_winner,elo,60,30,False,0.2545,0.2500,0.2545,0.2500,0.7022,0.6931,0.0235,0.5000,0.0045,-0.0082,0.0179,,0.0045,-0.0082,0.0179,,0.0091,-0.0165,0.0361,0.0091,-0.0165,0.0361,False,"exploratory, unadjusted for multiple comparisons"
competition,k_kxphklgame,kalshi_settlement_only,game_winner,elo,24,12,False,0.2389,0.2500,0.2389,0.2500,0.6709,0.6931,0.1552,0.5000,-0.0111,-0.0194,-0.0028,,-0.0111,-0.0194,-0.0028,,-0.0222,-0.0389,-0.0056,-0.0222,-0.0389,-0.0056,False,"exploratory, unadjusted for multiple comparisons"
competition,k_kxplkgame,kalshi_settlement_only,game_winner,elo,28,14,False,0.2506,0.2500,0.2506,0.2500,0.6943,0.6931,0.0457,0.5000,0.0006,-0.0166,0.0180,,0.0006,-0.0166,0.0180,,0.0012,-0.0334,0.0362,0.0012,-0.0334,0.0362,False,"exploratory, unadjusted for multiple comparisons"
competition,k_kxpllgame,kalshi_settlement_only,game_winner,elo,106,53,True,0.2500,0.2500,0.2500,0.2500,0.6930,0.6931,0.0609,0.5000,-0.0000,-0.0110,0.0102,unclear,-0.0000,-0.0110,0.0102,unclear,-0.0001,-0.0225,0.0205,-0.0001,-0.0225,0.0205,False,"exploratory, unadjusted for multiple comparisons"
competition,k_kxpremmatch,kalshi_settlement_only,game_winner,elo,8,4,False,0.2500,0.2500,0.2500,0.2500,0.6931,0.6931,0.0000,0.5000,0.0000,0.0000,0.0000,,0.0000,0.0000,0.0000,,0.0000,0.0000,0.0000,0.0000,0.0000,0.0000,False,"exploratory, unadjusted for multiple comparisons"
competition,k_kxpslgame,kalshi_settlement_only,game_winner,elo,80,40,False,0.2398,0.2500,0.2398,0.2500,0.6727,0.6931,0.0703,0.5000,-0.0102,-0.0283,0.0085,,-0.0102,-0.0283,0.0085,,-0.0205,-0.0572,0.0178,-0.0205,-0.0572,0.0178,False,"exploratory, unadjusted for multiple comparisons"
competition,k_kxr6game,kalshi_settlement_only,game_winner,elo,804,402,True,0.2373,0.2500,0.2373,0.2500,0.6675,0.6931,0.0752,0.5000,-0.0127,-0.0196,-0.0060,better,-0.0127,-0.0196,-0.0060,better,-0.0257,-0.0400,-0.0118,-0.0257,-0.0400,-0.0118,False,"exploratory, unadjusted for multiple comparisons"
competition,k_kxrlgame,kalshi_settlement_only,game_winner,elo,86,43,False,0.2411,0.2500,0.2411,0.2500,0.6751,0.6931,0.0200,0.5000,-0.0089,-0.0183,0.0010,,-0.0089,-0.0183,0.0010,,-0.0180,-0.0368,0.0019,-0.0180,-0.0368,0.0019,False,"exploratory, unadjusted for multiple comparisons"
competition,k_kxrugbyeslmatch,kalshi_settlement_only,game_winner,elo,10,5,False,0.2432,0.2500,0.2432,0.2500,0.6796,0.6931,0.1931,0.5000,-0.0068,-0.0136,0.0000,,-0.0068,-0.0136,0.0000,,-0.0136,-0.0272,0.0000,-0.0136,-0.0272,0.0000,False,"exploratory, unadjusted for multiple comparisons"
competition,k_kxrugbyfra14match,kalshi_settlement_only,game_winner,elo,52,26,False,0.2542,0.2500,0.2542,0.2500,0.7016,0.6931,0.1513,0.5000,0.0042,-0.0055,0.0134,,0.0042,-0.0055,0.0134,,0.0085,-0.0110,0.0268,0.0085,-0.0110,0.0268,False,"exploratory, unadjusted for multiple comparisons"
competition,k_kxrugbygpremmatch,kalshi_settlement_only,game_winner,elo,8,4,False,0.2500,0.2500,0.2500,0.2500,0.6931,0.6931,0.0000,0.5000,0.0000,0.0000,0.0000,,0.0000,0.0000,0.0000,,0.0000,0.0000,0.0000,0.0000,0.0000,0.0000,False,"exploratory, unadjusted for multiple comparisons"
competition,k_kxrugbymlrmatch,kalshi_settlement_only,game_winner,elo,2,1,False,0.2500,0.2500,0.2500,0.2500,0.6931,0.6931,0.0000,0.5000,0.0000,0.0000,0.0000,,0.0000,0.0000,0.0000,,0.0000,0.0000,0.0000,0.0000,0.0000,0.0000,False,"exploratory, unadjusted for multiple comparisons"
competition,k_kxrugbynrlmatch,kalshi_settlement_only,game_winner,elo,18,9,False,0.2539,0.2500,0.2539,0.2500,0.7009,0.6931,0.0702,0.5000,0.0039,-0.0094,0.0167,,0.0039,-0.0094,0.0167,,0.0078,-0.0189,0.0334,0.0078,-0.0189,0.0334,False,"exploratory, unadjusted for multiple comparisons"
competition,k_kxsblgame,kalshi_settlement_only,game_winner,elo,30,15,False,0.2395,0.2500,0.2395,0.2500,0.6721,0.6931,0.1462,0.5000,-0.0105,-0.0235,0.0028,,-0.0105,-0.0235,0.0028,,-0.0210,-0.0474,0.0058,-0.0210,-0.0474,0.0058,False,"exploratory, unadjusted for multiple comparisons"
competition,k_kxsesblgame,kalshi_settlement_only,game_winner,elo,28,14,False,0.2465,0.2500,0.2465,0.2500,0.6862,0.6931,0.0086,0.5000,-0.0035,-0.0108,0.0038,,-0.0035,-0.0108,0.0038,,-0.0069,-0.0216,0.0076,-0.0069,-0.0216,0.0076,False,"exploratory, unadjusted for multiple comparisons"
competition,k_kxshlgame,kalshi_settlement_only,game_winner,elo,418,209,True,0.2444,0.2500,0.2444,0.2500,0.6819,0.6931,0.0116,0.5000,-0.0056,-0.0169,0.0056,unclear,-0.0056,-0.0169,0.0056,unclear,-0.0113,-0.0346,0.0118,-0.0113,-0.0346,0.0118,False,"exploratory, unadjusted for multiple comparisons"
competition,k_kxsklgame,kalshi_settlement_only,game_winner,elo,20,10,False,0.2400,0.2500,0.2400,0.2500,0.6731,0.6931,0.1397,0.5000,-0.0100,-0.0200,-0.0033,,-0.0100,-0.0200,-0.0033,,-0.0200,-0.0400,-0.0067,-0.0200,-0.0400,-0.0067,False,"exploratory, unadjusted for multiple comparisons"
competition,k_kxslbgame,kalshi_settlement_only,game_winner,elo,20,10,False,0.2470,0.2500,0.2470,0.2500,0.6871,0.6931,0.0171,0.5000,-0.0030,-0.0179,0.0108,,-0.0030,-0.0179,0.0108,,-0.0061,-0.0359,0.0215,-0.0061,-0.0359,0.0215,False,"exploratory, unadjusted for multiple comparisons"
competition,k_kxsowbballgame,kalshi_settlement_only,game_winner,elo,30,15,False,0.2461,0.2500,0.2461,0.2500,0.6854,0.6931,0.0195,0.5000,-0.0039,-0.0151,0.0075,,-0.0039,-0.0151,0.0075,,-0.0078,-0.0303,0.0149,-0.0078,-0.0303,0.0149,False,"exploratory, unadjusted for multiple comparisons"
competition,k_kxspbgame,kalshi_settlement_only,game_winner,elo,34,17,False,0.2475,0.2500,0.2475,0.2500,0.6885,0.6931,0.1729,0.5000,-0.0025,-0.0288,0.0256,,-0.0025,-0.0288,0.0256,,-0.0047,-0.0580,0.0523,-0.0047,-0.0580,0.0523,False,"exploratory, unadjusted for multiple comparisons"
competition,k_kxsquashmatch,kalshi_settlement_only,game_winner,elo,338,169,True,0.2430,0.2500,0.2430,0.2500,0.6790,0.6931,0.1036,0.5000,-0.0070,-0.0097,-0.0046,better,-0.0070,-0.0097,-0.0046,better,-0.0141,-0.0195,-0.0092,-0.0141,-0.0195,-0.0092,False,"exploratory, unadjusted for multiple comparisons"
competition,k_kxt20match,kalshi_settlement_only,game_winner,elo,2682,1341,True,0.2426,0.2500,0.2426,0.2500,0.6781,0.6931,0.0304,0.5000,-0.0074,-0.0101,-0.0047,better,-0.0074,-0.0101,-0.0047,better,-0.0150,-0.0205,-0.0096,-0.0150,-0.0205,-0.0096,False,"exploratory, unadjusted for multiple comparisons"
competition,k_kxtabletennis,kalshi_settlement_only,game_winner,elo,4304,2152,True,0.2481,0.2500,0.2481,0.2500,0.6895,0.6931,0.0145,0.5000,-0.0019,-0.0052,0.0014,unclear,-0.0019,-0.0052,0.0014,unclear,-0.0036,-0.0104,0.0034,-0.0036,-0.0104,0.0034,False,"exploratory, unadjusted for multiple comparisons"
competition,k_kxtabletennismatch,kalshi_settlement_only,game_winner,elo,422,211,True,0.2507,0.2500,0.2507,0.2500,0.6945,0.6931,0.0198,0.5000,0.0007,-0.0005,0.0017,unclear,0.0007,-0.0005,0.0017,unclear,0.0013,-0.0011,0.0034,0.0013,-0.0011,0.0034,False,"exploratory, unadjusted for multiple comparisons"
competition,k_kxtbtgame,kalshi_settlement_only,game_winner,elo,42,21,False,0.2464,0.2500,0.2464,0.2500,0.6859,0.6931,0.0816,0.5000,-0.0036,-0.0114,0.0045,,-0.0036,-0.0114,0.0045,,-0.0072,-0.0228,0.0091,-0.0072,-0.0228,0.0091,False,"exploratory, unadjusted for multiple comparisons"
competition,k_kxtestmatch,kalshi_settlement_only,game_winner,elo,40,20,False,0.2433,0.2500,0.2433,0.2500,0.6797,0.6931,0.0335,0.5000,-0.0067,-0.0180,0.0033,,-0.0067,-0.0180,0.0033,,-0.0135,-0.0363,0.0065,-0.0135,-0.0363,0.0065,False,"exploratory, unadjusted for multiple comparisons"
competition,k_kxttelitematch,kalshi_settlement_only,game_winner,elo,22054,11027,True,0.2418,0.2500,0.2418,0.2500,0.6764,0.6931,0.0277,0.5000,-0.0082,-0.0104,-0.0061,better,-0.0082,-0.0104,-0.0061,better,-0.0167,-0.0214,-0.0121,-0.0167,-0.0214,-0.0121,False,"exploratory, unadjusted for multiple comparisons"
competition,k_kxttmatch,kalshi_settlement_only,game_winner,elo,466,233,True,0.2383,0.2500,0.2383,0.2500,0.6697,0.6931,0.0626,0.5000,-0.0117,-0.0186,-0.0043,better,-0.0117,-0.0186,-0.0043,better,-0.0235,-0.0376,-0.0086,-0.0235,-0.0376,-0.0086,False,"exploratory, unadjusted for multiple comparisons"
competition,k_kxttstarmatch,kalshi_settlement_only,game_winner,elo,2018,1009,True,0.2321,0.2500,0.2321,0.2500,0.6560,0.6931,0.0430,0.5000,-0.0179,-0.0225,-0.0133,better,-0.0179,-0.0225,-0.0133,better,-0.0371,-0.0466,-0.0276,-0.0371,-0.0466,-0.0276,False,"exploratory, unadjusted for multiple comparisons"
competition,k_kxuflgame,kalshi_settlement_only,game_winner,elo,78,39,False,0.2526,0.2500,0.2526,0.2500,0.6984,0.6931,0.0265,0.5000,0.0026,-0.0124,0.0187,,0.0026,-0.0124,0.0187,,0.0052,-0.0250,0.0377,0.0052,-0.0250,0.0377,False,"exploratory, unadjusted for multiple comparisons"
competition,k_kxunitedcupmatch,kalshi_settlement_only,game_winner,elo,100,50,True,0.2475,0.2500,0.2475,0.2500,0.6881,0.6931,0.0625,0.5000,-0.0025,-0.0090,0.0036,unclear,-0.0025,-0.0090,0.0036,unclear,-0.0050,-0.0181,0.0072,-0.0050,-0.0181,0.0072,False,"exploratory, unadjusted for multiple comparisons"
competition,k_kxunrivaledgame,kalshi_settlement_only,game_winner,elo,66,33,False,0.2435,0.2500,0.2435,0.2500,0.6801,0.6931,0.0393,0.5000,-0.0065,-0.0216,0.0098,,-0.0065,-0.0216,0.0098,,-0.0131,-0.0436,0.0197,-0.0131,-0.0436,0.0197,False,"exploratory, unadjusted for multiple comparisons"
competition,k_kxvalorantgame,kalshi_settlement_only,game_winner,elo,2424,1212,True,0.2404,0.2500,0.2404,0.2500,0.6737,0.6931,0.0399,0.5000,-0.0096,-0.0130,-0.0061,better,-0.0096,-0.0130,-0.0061,better,-0.0195,-0.0265,-0.0124,-0.0195,-0.0265,-0.0124,False,"exploratory, unadjusted for multiple comparisons"
competition,k_kxvbagame,kalshi_settlement_only,game_winner,elo,128,64,True,0.2044,0.2500,0.2044,0.2500,0.5969,0.6931,0.1236,0.5000,-0.0456,-0.0673,-0.0226,better,-0.0456,-0.0673,-0.0226,better,-0.0962,-0.1420,-0.0474,-0.0962,-0.1420,-0.0474,False,"exploratory, unadjusted for multiple comparisons"
competition,k_kxvolleyballmatch,kalshi_settlement_only,game_winner,elo,28,14,False,0.2492,0.2500,0.2492,0.2500,0.6915,0.6931,0.0246,0.5000,-0.0008,-0.0094,0.0078,,-0.0008,-0.0094,0.0078,,-0.0017,-0.0187,0.0156,-0.0017,-0.0187,0.0156,False,"exploratory, unadjusted for multiple comparisons"
competition,k_kxvtbgame,kalshi_settlement_only,game_winner,elo,240,120,True,0.2071,0.2500,0.2071,0.2500,0.6045,0.6931,0.1466,0.5000,-0.0429,-0.0558,-0.0294,better,-0.0429,-0.0558,-0.0294,better,-0.0886,-0.1157,-0.0609,-0.0886,-0.1157,-0.0609,False,"exploratory, unadjusted for multiple comparisons"
competition,k_kxwbcgame,kalshi_settlement_only,game_winner,elo,148,74,True,0.2424,0.2500,0.2424,0.2500,0.6780,0.6931,0.0757,0.5000,-0.0076,-0.0154,-0.0002,better,-0.0076,-0.0154,-0.0002,better,-0.0152,-0.0310,-0.0004,-0.0152,-0.0310,-0.0004,False,"exploratory, unadjusted for multiple comparisons"
competition,k_kxwfibagame,kalshi_settlement_only,game_winner,elo,72,36,False,0.2422,0.2500,0.2422,0.2500,0.6775,0.6931,0.0683,0.5000,-0.0078,-0.0156,-0.0006,,-0.0078,-0.0156,-0.0006,,-0.0157,-0.0313,-0.0012,-0.0157,-0.0313,-0.0012,False,"exploratory, unadjusted for multiple comparisons"
competition,k_kxwhundredmatch,kalshi_settlement_only,game_winner,elo,52,26,False,0.2485,0.2500,0.2485,0.2500,0.6902,0.6931,0.0356,0.5000,-0.0015,-0.0132,0.0108,,-0.0015,-0.0132,0.0108,,-0.0029,-0.0264,0.0217,-0.0029,-0.0264,0.0217,False,"exploratory, unadjusted for multiple comparisons"
competition,k_kxwodimatch,kalshi_settlement_only,game_winner,elo,40,20,False,0.2383,0.2500,0.2383,0.2500,0.6695,0.6931,0.0680,0.5000,-0.0117,-0.0290,0.0059,,-0.0117,-0.0290,0.0059,,-0.0236,-0.0586,0.0117,-0.0236,-0.0586,0.0117,False,"exploratory, unadjusted for multiple comparisons"
competition,k_kxwomhockey,kalshi_settlement_only,game_winner,elo,58,29,False,0.2394,0.2500,0.2394,0.2500,0.6719,0.6931,0.1157,0.5000,-0.0106,-0.0202,-0.0012,,-0.0106,-0.0202,-0.0012,,-0.0212,-0.0406,-0.0024,-0.0212,-0.0406,-0.0024,False,"exploratory, unadjusted for multiple comparisons"
competition,k_kxwowhockey,kalshi_settlement_only,game_winner,elo,54,27,False,0.2354,0.2500,0.2354,0.2500,0.6639,0.6931,0.0998,0.5000,-0.0146,-0.0286,0.0005,,-0.0146,-0.0286,0.0005,,-0.0293,-0.0576,0.0011,-0.0293,-0.0576,0.0011,False,"exploratory, unadjusted for multiple comparisons"
competition,k_kxwplgame,kalshi_settlement_only,game_winner,elo,20,10,False,0.2561,0.2500,0.2561,0.2500,0.7054,0.6931,0.1252,0.5000,0.0061,-0.0133,0.0264,,0.0061,-0.0133,0.0264,,0.0122,-0.0266,0.0531,0.0122,-0.0266,0.0531,False,"exploratory, unadjusted for multiple comparisons"
competition,k_kxwt20match,kalshi_settlement_only,game_winner,elo,604,302,True,0.2429,0.2500,0.2429,0.2500,0.6789,0.6931,0.0549,0.5000,-0.0071,-0.0126,-0.0014,better,-0.0071,-0.0126,-0.0014,better,-0.0143,-0.0255,-0.0027,-0.0143,-0.0255,-0.0027,False,"exploratory, unadjusted for multiple comparisons"
competition,k_kxwtachallengermatch,kalshi_settlement_only,game_winner,elo,3980,1990,True,0.2478,0.2500,0.2478,0.2500,0.6887,0.6931,0.0073,0.5000,-0.0022,-0.0043,-0.0001,better,-0.0022,-0.0043,-0.0001,better,-0.0044,-0.0087,-0.0002,-0.0044,-0.0087,-0.0002,False,"exploratory, unadjusted for multiple comparisons"
competition,k_kxwtadoubles,kalshi_settlement_only,game_winner,elo,686,343,True,0.2431,0.2500,0.2431,0.2500,0.6792,0.6931,0.0163,0.5000,-0.0069,-0.0110,-0.0028,better,-0.0069,-0.0110,-0.0028,better,-0.0140,-0.0223,-0.0057,-0.0140,-0.0223,-0.0057,False,"exploratory, unadjusted for multiple comparisons"
competition,k_kxwtamatch,kalshi_settlement_only,game_winner,elo,6912,3456,True,0.2296,0.2500,0.2296,0.2500,0.6489,0.6931,0.0313,0.5000,-0.0204,-0.0247,-0.0159,better,-0.0204,-0.0247,-0.0159,better,-0.0443,-0.0540,-0.0343,-0.0443,-0.0540,-0.0343,False,"exploratory, unadjusted for multiple comparisons"
competition,k_kxwtestmatch,kalshi_settlement_only,game_winner,elo,2,1,False,0.2500,0.2500,0.2500,0.2500,0.6931,0.6931,0.0000,0.5000,0.0000,0.0000,0.0000,,0.0000,0.0000,0.0000,,0.0000,0.0000,0.0000,0.0000,0.0000,0.0000,False,"exploratory, unadjusted for multiple comparisons"
competition,laliga,strict,game_winner,score,834,278,True,0.1983,0.2108,0.1983,0.2108,0.5818,0.6113,0.0303,0.3333,-0.0125,-0.0226,-0.0023,better,-0.0125,-0.0226,-0.0023,better,-0.0295,-0.0533,-0.0053,-0.0295,-0.0533,-0.0053,False,"exploratory, unadjusted for multiple comparisons"
competition,laliga,strict,score_props,score,276,276,True,0.2449,0.2469,0.2449,0.2469,0.6830,0.6869,0.1021,0.6087,-0.0020,-0.0110,0.0070,unclear,-0.0020,-0.0110,0.0070,unclear,-0.0039,-0.0223,0.0144,-0.0039,-0.0223,0.0144,False,"exploratory, unadjusted for multiple comparisons"
competition,laliga,exploratory,segment,score,1656,190,True,0.1810,0.1881,0.1943,0.1984,0.5385,0.5594,0.0344,0.3237,-0.0072,-0.0133,-0.0015,better,-0.0041,-0.0119,0.0031,unclear,-0.0209,-0.0377,-0.0052,-0.0106,-0.0302,0.0067,True,"exploratory, unadjusted for multiple comparisons"
competition,laliga,strict,spread,score,1171,277,True,0.0897,0.1010,0.0846,0.0936,0.3123,0.3542,0.0260,0.1187,-0.0113,-0.0192,-0.0036,better,-0.0090,-0.0166,-0.0018,better,-0.0419,-0.0696,-0.0143,-0.0312,-0.0544,-0.0073,False,"exploratory, unadjusted for multiple comparisons"
competition,laliga,exploratory,team_total,score,554,69,True,0.1645,0.1834,0.1597,0.1731,0.5035,0.5770,0.0549,0.3791,-0.0189,-0.0319,-0.0067,better,-0.0135,-0.0253,-0.0026,better,-0.0734,-0.1317,-0.0230,-0.0535,-0.0992,-0.0139,False,"exploratory, unadjusted for multiple comparisons"
competition,laliga,strict,total,score,1268,276,True,0.1726,0.1791,0.1793,0.1825,0.5206,0.5424,0.0269,0.4472,-0.0066,-0.0148,0.0018,unclear,-0.0031,-0.0114,0.0053,unclear,-0.0218,-0.0506,0.0036,-0.0100,-0.0323,0.0123,False,"exploratory, unadjusted for multiple comparisons"
competition,ligamx,strict,game_winner,score,762,254,True,0.2116,0.2176,0.2116,0.2176,0.6137,0.6262,0.0316,0.3333,-0.0061,-0.0143,0.0025,unclear,-0.0061,-0.0143,0.0025,unclear,-0.0125,-0.0315,0.0078,-0.0125,-0.0315,0.0078,False,"exploratory, unadjusted for multiple comparisons"
competition,ligamx,exploratory,score_props,score,88,88,True,0.2473,0.2440,0.2473,0.2440,0.6879,0.6810,0.0215,0.5795,0.0034,-0.0031,0.0098,unclear,0.0034,-0.0031,0.0098,unclear,0.0068,-0.0064,0.0200,0.0068,-0.0064,0.0200,False,"exploratory, unadjusted for multiple comparisons"
competition,ligamx,exploratory,segment,score,1136,88,True,0.1799,0.1802,0.1787,0.1785,0.5419,0.5413,0.0274,0.3143,-0.0003,-0.0042,0.0034,unclear,0.0002,-0.0040,0.0042,unclear,0.0006,-0.0108,0.0116,0.0017,-0.0103,0.0135,False,"exploratory, unadjusted for multiple comparisons"
competition,ligamx,exploratory,spread,score,853,201,True,0.0934,0.0969,0.0897,0.0921,0.3183,0.3369,0.0165,0.1149,-0.0035,-0.0089,0.0016,unclear,-0.0024,-0.0075,0.0027,unclear,-0.0186,-0.0371,-0.0000,-0.0139,-0.0315,0.0040,False,"exploratory, unadjusted for multiple comparisons"
competition,ligamx,exploratory,team_total,score,674,88,True,0.1706,0.1722,0.1675,0.1689,0.5196,0.5287,0.0529,0.3828,-0.0016,-0.0079,0.0053,unclear,-0.0014,-0.0075,0.0052,unclear,-0.0091,-0.0306,0.0120,-0.0069,-0.0247,0.0121,False,"exploratory, unadjusted for multiple comparisons"
competition,ligamx,exploratory,total,score,1025,201,True,0.1712,0.1682,0.1761,0.1723,0.5194,0.5108,0.0407,0.4400,0.0030,-0.0011,0.0071,unclear,0.0039,-0.0008,0.0085,unclear,0.0086,-0.0026,0.0207,0.0110,-0.0015,0.0235,False,"exploratory, unadjusted for multiple comparisons"
competition,ligaportugal,strict,game_winner,score,678,226,True,0.1878,0.2176,0.1878,0.2176,0.5568,0.6264,0.0360,0.3333,-0.0298,-0.0423,-0.0164,better,-0.0298,-0.0423,-0.0164,better,-0.0697,-0.1001,-0.0382,-0.0697,-0.1001,-0.0382,False,"exploratory, unadjusted for multiple comparisons"
competition,ligaportugal,exploratory,score_props,score,62,62,True,0.2546,0.2500,0.2546,0.2500,0.7026,0.6931,0.0471,0.5000,0.0046,-0.0094,0.0187,unclear,0.0046,-0.0094,0.0187,unclear,0.0094,-0.0188,0.0380,0.0094,-0.0188,0.0380,False,"exploratory, unadjusted for multiple comparisons"
competition,ligaportugal,exploratory,segment,score,558,62,True,0.1657,0.1705,0.1657,0.1705,0.5036,0.5188,0.0382,0.2885,-0.0048,-0.0116,0.0020,unclear,-0.0048,-0.0116,0.0020,unclear,-0.0152,-0.0341,0.0047,-0.0152,-0.0341,0.0047,False,"exploratory, unadjusted for multiple comparisons"
competition,ligaportugal,exploratory,spread,score,301,62,True,0.1032,0.1179,0.0865,0.0985,0.3659,0.4475,0.0229,0.1329,-0.0147,-0.0263,-0.0032,better,-0.0120,-0.0224,-0.0025,better,-0.0817,-0.1423,-0.0271,-0.0640,-0.1072,-0.0245,False,"exploratory, unadjusted for multiple comparisons"
competition,ligaportugal,exploratory,total,score,428,62,True,0.1225,0.1238,0.1211,0.1227,0.3828,0.3866,0.0194,0.3972,-0.0013,-0.0080,0.0056,unclear,-0.0016,-0.0085,0.0054,unclear,-0.0037,-0.0215,0.0140,-0.0043,-0.0227,0.0138,False,"exploratory, unadjusted for multiple comparisons"
competition,ligue1,strict,game_winner,score,618,206,True,0.2075,0.2197,0.2075,0.2197,0.6034,0.6311,0.0385,0.3333,-0.0122,-0.0209,-0.0034,better,-0.0122,-0.0209,-0.0034,better,-0.0277,-0.0475,-0.0079,-0.0277,-0.0475,-0.0079,False,"exploratory, unadjusted for multiple comparisons"
competition,ligue1,strict,score_props,score,205,205,True,0.2470,0.2483,0.2470,0.2483,0.6872,0.6897,0.0347,0.5415,-0.0013,-0.0083,0.0063,unclear,-0.0013,-0.0083,0.0063,unclear,-0.0026,-0.0169,0.0129,-0.0026,-0.0169,0.0129,False,"exploratory, unadjusted for multiple comparisons"
competition,ligue1,exploratory,segment,score,1008,134,True,0.1806,0.1812,0.1958,0.1985,0.5408,0.5409,0.0181,0.3125,-0.0006,-0.0041,0.0030,unclear,-0.0027,-0.0081,0.0028,unclear,-0.0002,-0.0094,0.0085,-0.0062,-0.0189,0.0070,False,"exploratory, unadjusted for multiple comparisons"
competition,ligue1,strict,spread,score,855,206,True,0.1062,0.1089,0.1053,0.1079,0.3605,0.3722,0.0285,0.1275,-0.0027,-0.0081,0.0021,unclear,-0.0026,-0.0082,0.0024,unclear,-0.0117,-0.0307,0.0061,-0.0110,-0.0305,0.0072,False,"exploratory, unadjusted for multiple comparisons"
competition,ligue1,exploratory,team_total,score,344,45,False,0.1583,0.1601,0.1562,0.1572,0.4916,0.5016,0.0486,0.3721,-0.0018,-0.0087,0.0048,,-0.0010,-0.0078,0.0057,,-0.0100,-0.0325,0.0098,-0.0069,-0.0275,0.0120,False,"exploratory, unadjusted for multiple comparisons"
competition,ligue1,strict,total,score,926,206,True,0.1735,0.1738,0.1812,0.1819,0.5241,0.5234,0.0247,0.4417,-0.0003,-0.0052,0.0047,unclear,-0.0007,-0.0060,0.0047,unclear,0.0007,-0.0120,0.0137,-0.0003,-0.0138,0.0132,False,"exploratory, unadjusted for multiple comparisons"
competition,mlb,strict,game_winner,elo,4890,2444,True,0.2471,0.2491,0.2470,0.2491,0.6875,0.6914,0.0252,0.5000,-0.0020,-0.0053,0.0010,unclear,-0.0021,-0.0053,0.0009,unclear,-0.0039,-0.0106,0.0023,-0.0041,-0.0107,0.0022,False,"exploratory, unadjusted for multiple comparisons"
competition,mlb,exploratory,segment,score,41284,2443,True,0.1928,0.1910,0.1924,0.1904,0.5679,0.5623,0.0277,0.4348,0.0018,0.0005,0.0032,worse,0.0020,0.0007,0.0033,worse,0.0056,0.0023,0.0090,0.0059,0.0026,0.0092,False,"exploratory, unadjusted for multiple comparisons"
competition,mlb,strict,spread,score,20988,2443,True,0.2157,0.2174,0.1944,0.1943,0.6648,0.6791,0.0719,0.2872,-0.0017,-0.0035,0.0001,unclear,0.0001,-0.0014,0.0016,unclear,-0.0144,-0.0223,-0.0062,-0.0053,-0.0105,0.0002,False,"exploratory, unadjusted for multiple comparisons"
competition,mlb,exploratory,team_total,score,33316,2379,True,0.1980,0.1974,0.1980,0.1974,0.5824,0.5805,0.0055,0.4599,0.0006,-0.0008,0.0021,unclear,0.0006,-0.0008,0.0021,unclear,0.0019,-0.0018,0.0053,0.0019,-0.0019,0.0053,False,"exploratory, unadjusted for multiple comparisons"
competition,mlb,strict,total,score,29794,2443,True,0.1947,0.1953,0.1880,0.1876,0.5843,0.5925,0.0334,0.5539,-0.0006,-0.0026,0.0012,unclear,0.0005,-0.0014,0.0022,unclear,-0.0082,-0.0145,-0.0017,-0.0030,-0.0084,0.0021,False,"exploratory, unadjusted for multiple comparisons"
competition,mls,strict,game_winner,score,1212,404,True,0.2125,0.2140,0.2125,0.2140,0.6158,0.6184,0.0288,0.3333,-0.0016,-0.0068,0.0039,unclear,-0.0016,-0.0068,0.0039,unclear,-0.0026,-0.0146,0.0099,-0.0026,-0.0146,0.0099,False,"exploratory, unadjusted for multiple comparisons"
competition,mls,exploratory,score_props,score,404,404,True,0.2313,0.2339,0.2313,0.2339,0.6548,0.6607,0.0079,0.6287,-0.0026,-0.0069,0.0019,unclear,-0.0026,-0.0069,0.0019,unclear,-0.0059,-0.0153,0.0040,-0.0059,-0.0153,0.0040,False,"exploratory, unadjusted for multiple comparisons"
competition,mls,exploratory,segment,score,2394,186,True,0.1767,0.1779,0.1779,0.1788,0.5308,0.5341,0.0112,0.3275,-0.0012,-0.0044,0.0019,unclear,-0.0010,-0.0045,0.0026,unclear,-0.0033,-0.0118,0.0051,-0.0029,-0.0120,0.0064,False,"exploratory, unadjusted for multiple comparisons"
competition,mls,exploratory,spread,score,1737,404,True,0.1000,0.1034,0.0960,0.0985,0.3443,0.3599,0.0250,0.1226,-0.0034,-0.0067,-0.0002,better,-0.0025,-0.0058,0.0004,unclear,-0.0156,-0.0296,-0.0028,-0.0107,-0.0224,0.0005,True,"exploratory, unadjusted for multiple comparisons"
competition,mls,exploratory,team_total,score,1481,186,True,0.1618,0.1646,0.1597,0.1613,0.4939,0.5054,0.0203,0.3916,-0.0027,-0.0078,0.0020,unclear,-0.0015,-0.0064,0.0029,unclear,-0.0115,-0.0299,0.0033,-0.0070,-0.0224,0.0058,False,"exploratory, unadjusted for multiple comparisons"
competition,mls,exploratory,total,score,2213,404,True,0.1616,0.1630,0.1722,0.1729,0.4908,0.4954,0.0188,0.4627,-0.0015,-0.0052,0.0024,unclear,-0.0007,-0.0049,0.0033,unclear,-0.0046,-0.0153,0.0061,-0.0021,-0.0126,0.0085,False,"exploratory, unadjusted for multiple comparisons"
competition,nba,strict,game_winner,elo,1650,825,True,0.1986,0.2467,0.1986,0.2467,0.5829,0.6865,0.0366,0.5000,-0.0481,-0.0579,-0.0372,better,-0.0481,-0.0579,-0.0372,better,-0.1035,-0.1259,-0.0785,-0.1035,-0.1259,-0.0785,False,"exploratory, unadjusted for multiple comparisons"
competition,nba,exploratory,segment,score,15818,523,True,0.1658,0.1761,0.1652,0.1761,0.4951,0.5217,0.0177,0.3390,-0.0104,-0.0133,-0.0074,better,-0.0109,-0.0141,-0.0079,better,-0.0266,-0.0340,-0.0192,-0.0280,-0.0359,-0.0200,False,"exploratory, unadjusted for multiple comparisons"
competition,nba,strict,spread,score,11653,830,True,0.1898,0.2164,0.1923,0.2168,0.5683,0.6409,0.0413,0.3274,-0.0266,-0.0337,-0.0199,better,-0.0244,-0.0312,-0.0181,better,-0.0727,-0.0925,-0.0541,-0.0667,-0.0850,-0.0496,False,"exploratory, unadjusted for multiple comparisons"
competition,nba,exploratory,team_total,score,9486,529,True,0.1994,0.2230,0.1995,0.2227,0.5859,0.6479,0.0235,0.5279,-0.0236,-0.0288,-0.0183,better,-0.0232,-0.0285,-0.0179,better,-0.0620,-0.0764,-0.0477,-0.0611,-0.0756,-0.0466,False,"exploratory, unadjusted for multiple comparisons"
competition,nba,strict,total,score,9353,830,True,0.2170,0.2282,0.2172,0.2288,0.6269,0.6541,0.0489,0.5018,-0.0112,-0.0174,-0.0048,better,-0.0115,-0.0178,-0.0049,better,-0.0271,-0.0422,-0.0113,-0.0278,-0.0427,-0.0118,False,"exploratory, unadjusted for multiple comparisons"
competition,ncaaf,strict,game_winner,elo,1312,656,True,0.1777,0.2230,0.1777,0.2230,0.5351,0.6385,0.0370,0.5000,-0.0453,-0.0592,-0.0317,better,-0.0453,-0.0592,-0.0317,better,-0.1034,-0.1369,-0.0695,-0.1034,-0.1369,-0.0695,False,"exploratory, unadjusted for multiple comparisons"
competition,ncaaf,exploratory,segment,score,38597,647,True,0.1663,0.1710,0.1701,0.1755,0.5045,0.5145,0.0281,0.3917,-0.0046,-0.0090,-0.0004,better,-0.0054,-0.0112,0.0006,unclear,-0.0099,-0.0217,0.0017,-0.0067,-0.0242,0.0115,True,"exploratory, unadjusted for multiple comparisons"
competition,ncaaf,strict,spread,score,14683,655,True,0.2436,0.2460,0.2404,0.2476,0.7254,0.7248,0.1376,0.3839,-0.0023,-0.0140,0.0098,unclear,-0.0072,-0.0183,0.0041,unclear,0.0006,-0.0352,0.0377,-0.0185,-0.0524,0.0172,False,"exploratory, unadjusted for multiple comparisons"
competition,ncaaf,exploratory,team_total,score,7930,328,True,0.1997,0.2083,0.1993,0.2091,0.5993,0.6149,0.0750,0.4995,-0.0086,-0.0183,0.0013,unclear,-0.0098,-0.0197,0.0003,unclear,-0.0155,-0.0427,0.0130,-0.0194,-0.0473,0.0096,False,"exploratory, unadjusted for multiple comparisons"
competition,ncaaf,strict,total,score,11312,655,True,0.1895,0.1935,0.1863,0.1910,0.5647,0.5736,0.0277,0.4993,-0.0040,-0.0081,-0.0001,better,-0.0047,-0.0086,-0.0009,better,-0.0089,-0.0195,0.0009,-0.0113,-0.0210,-0.0017,False,"exploratory, unadjusted for multiple comparisons"
competition,ncaamb,strict,game_winner,elo,7046,3513,True,0.2051,0.2487,0.2050,0.2488,0.5952,0.6921,0.0453,0.5000,-0.0436,-0.0510,-0.0365,better,-0.0438,-0.0513,-0.0367,better,-0.0969,-0.1142,-0.0802,-0.0973,-0.1147,-0.0806,False,"exploratory, unadjusted for multiple comparisons"
competition,ncaamb,exploratory,segment,score,24466,1158,True,0.1649,0.1762,0.1662,0.1768,0.5012,0.5311,0.0299,0.3272,-0.0113,-0.0143,-0.0082,better,-0.0106,-0.0137,-0.0075,better,-0.0299,-0.0380,-0.0215,-0.0281,-0.0361,-0.0199,False,"exploratory, unadjusted for multiple comparisons"
competition,ncaamb,strict,spread,score,35432,3489,True,0.1775,0.2008,0.1868,0.2088,0.5353,0.5961,0.0433,0.2875,-0.0233,-0.0266,-0.0199,better,-0.0220,-0.0254,-0.0187,better,-0.0608,-0.0702,-0.0515,-0.0581,-0.0675,-0.0487,False,"exploratory, unadjusted for multiple comparisons"
competition,ncaamb,strict,total,score,34515,3481,True,0.2158,0.2311,0.2201,0.2360,0.6228,0.6629,0.0636,0.4977,-0.0153,-0.0201,-0.0108,better,-0.0158,-0.0207,-0.0111,better,-0.0401,-0.0521,-0.0284,-0.0413,-0.0536,-0.0297,False,"exploratory, unadjusted for multiple comparisons"
competition,ncaawb,strict,game_winner,elo,6332,3166,True,0.1734,0.2473,0.1734,0.2473,0.5141,0.6882,0.0429,0.5000,-0.0739,-0.0822,-0.0656,better,-0.0739,-0.0822,-0.0656,better,-0.1741,-0.1950,-0.1537,-0.1741,-0.1950,-0.1537,False,"exploratory, unadjusted for multiple comparisons"
competition,nfl,strict,game_winner,elo,178,89,True,0.2234,0.2433,0.2234,0.2433,0.6360,0.6797,0.0597,0.5000,-0.0199,-0.0494,0.0100,unclear,-0.0199,-0.0494,0.0100,unclear,-0.0437,-0.1109,0.0222,-0.0437,-0.1109,0.0222,False,"exploratory, unadjusted for multiple comparisons"
competition,nfl,exploratory,segment,score,12066,70,True,0.1542,0.1535,0.1552,0.1550,0.4720,0.4691,0.0226,0.3172,0.0006,-0.0019,0.0031,unclear,0.0002,-0.0024,0.0028,unclear,0.0029,-0.0035,0.0094,0.0021,-0.0049,0.0087,False,"exploratory, unadjusted for multiple comparisons"
competition,nfl,strict,spread,score,2185,92,True,0.1712,0.1798,0.1684,0.1791,0.5215,0.5420,0.0298,0.2627,-0.0086,-0.0217,0.0032,unclear,-0.0108,-0.0256,0.0019,unclear,-0.0205,-0.0550,0.0101,-0.0263,-0.0630,0.0057,False,"exploratory, unadjusted for multiple comparisons"
competition,nfl,strict,team_total,score,1992,77,True,0.1480,0.1527,0.1516,0.1563,0.4525,0.4643,0.0295,0.4895,-0.0048,-0.0123,0.0025,unclear,-0.0047,-0.0121,0.0026,unclear,-0.0118,-0.0330,0.0076,-0.0119,-0.0325,0.0078,False,"exploratory, unadjusted for multiple comparisons"
competition,nfl,strict,total,score,1553,92,True,0.1909,0.1946,0.1940,0.1968,0.5811,0.5874,0.0535,0.4842,-0.0037,-0.0153,0.0087,unclear,-0.0028,-0.0146,0.0097,unclear,-0.0063,-0.0366,0.0235,-0.0071,-0.0381,0.0243,False,"exploratory, unadjusted for multiple comparisons"
competition,nhl,strict,game_winner,elo,1616,808,True,0.2436,0.2499,0.2436,0.2499,0.6803,0.6929,0.0178,0.5000,-0.0063,-0.0127,-0.0003,better,-0.0063,-0.0127,-0.0003,better,-0.0126,-0.0258,-0.0000,-0.0126,-0.0258,-0.0000,False,"exploratory, unadjusted for multiple comparisons"
competition,nhl,exploratory,segment,score,1040,42,False,0.1851,0.1843,0.1864,0.1858,0.5512,0.5488,0.0241,0.3817,0.0008,-0.0026,0.0045,,0.0007,-0.0028,0.0044,,0.0024,-0.0065,0.0122,0.0020,-0.0070,0.0121,False,"exploratory, unadjusted for multiple comparisons"
competition,nhl,strict,spread,score,3365,806,True,0.1756,0.1790,0.1769,0.1806,0.5340,0.5422,0.0294,0.2398,-0.0034,-0.0066,-0.0003,better,-0.0037,-0.0070,-0.0005,better,-0.0082,-0.0181,0.0015,-0.0091,-0.0188,0.0007,False,"exploratory, unadjusted for multiple comparisons"
competition,nhl,exploratory,team_total,score,420,42,False,0.1916,0.1922,0.1916,0.1922,0.5695,0.5693,0.0482,0.4071,-0.0006,-0.0082,0.0063,,-0.0006,-0.0082,0.0063,,0.0002,-0.0205,0.0193,0.0002,-0.0205,0.0193,False,"exploratory, unadjusted for multiple comparisons"
competition,nhl,strict,total,score,5616,806,True,0.1604,0.1588,0.1637,0.1624,0.4921,0.4882,0.0214,0.5479,0.0016,-0.0012,0.0043,unclear,0.0013,-0.0016,0.0041,unclear,0.0039,-0.0042,0.0115,0.0038,-0.0038,0.0112,False,"exploratory, unadjusted for multiple comparisons"
competition,pga,exploratory,field_finish,score,12770,38,True,0.0909,0.0958,0.1007,0.1054,0.3117,0.3317,0.0166,0.1143,-0.0049,-0.0065,-0.0033,better,-0.0047,-0.0069,-0.0027,better,-0.0200,-0.0267,-0.0131,-0.0190,-0.0265,-0.0113,False,"exploratory, unadjusted for multiple comparisons"
competition,pga,strict,field_finish,score,4257,38,True,0.0085,0.0086,0.0097,0.0099,0.0461,0.0494,0.0003,0.0087,-0.0001,-0.0002,-0.0000,better,-0.0002,-0.0005,0.0000,unclear,-0.0032,-0.0053,-0.0013,-0.0038,-0.0072,-0.0009,True,"exploratory, unadjusted for multiple comparisons"
competition,saudi,strict,game_winner,score,810,270,True,0.1814,0.2163,0.1814,0.2163,0.5412,0.6234,0.0510,0.3333,-0.0349,-0.0464,-0.0238,better,-0.0349,-0.0464,-0.0238,better,-0.0822,-0.1090,-0.0567,-0.0822,-0.1090,-0.0567,False,"exploratory, unadjusted for multiple comparisons"
competition,saudi,exploratory,score_props,score,63,63,True,0.2628,0.2564,0.2628,0.2564,0.7193,0.7060,0.0739,0.4921,0.0064,-0.0047,0.0181,unclear,0.0064,-0.0047,0.0181,unclear,0.0133,-0.0092,0.0370,0.0133,-0.0092,0.0370,False,"exploratory, unadjusted for multiple comparisons"
competition,saudi,exploratory,segment,score,567,63,True,0.1872,0.1932,0.1872,0.1932,0.5552,0.5723,0.0367,0.3298,-0.0059,-0.0161,0.0044,unclear,-0.0059,-0.0161,0.0044,unclear,-0.0171,-0.0464,0.0120,-0.0171,-0.0464,0.0120,False,"exploratory, unadjusted for multiple comparisons"
competition,saudi,exploratory,spread,score,819,189,True,0.1002,0.1226,0.0966,0.1179,0.3332,0.4140,0.0170,0.1465,-0.0225,-0.0332,-0.0108,better,-0.0212,-0.0320,-0.0102,better,-0.0809,-0.1171,-0.0446,-0.0741,-0.1082,-0.0397,False,"exploratory, unadjusted for multiple comparisons"
competition,saudi,exploratory,total,score,954,189,True,0.1811,0.1765,0.1889,0.1838,0.5409,0.5274,0.0395,0.4486,0.0045,-0.0020,0.0108,unclear,0.0051,-0.0023,0.0127,unclear,0.0135,-0.0037,0.0311,0.0146,-0.0041,0.0348,False,"exploratory, unadjusted for multiple comparisons"
competition,seriea,strict,game_winner,score,792,264,True,0.1921,0.2194,0.1921,0.2194,0.5689,0.6301,0.0261,0.3333,-0.0272,-0.0396,-0.0148,better,-0.0272,-0.0396,-0.0148,better,-0.0611,-0.0898,-0.0323,-0.0611,-0.0898,-0.0323,False,"exploratory, unadjusted for multiple comparisons"
competition,seriea,strict,score_props,score,261,261,True,0.2485,0.2509,0.2485,0.2509,0.6903,0.6950,0.0351,0.4636,-0.0024,-0.0112,0.0068,unclear,-0.0024,-0.0112,0.0068,unclear,-0.0047,-0.0227,0.0141,-0.0047,-0.0227,0.0141,False,"exploratory, unadjusted for multiple comparisons"
competition,seriea,exploratory,segment,score,1220,160,True,0.1786,0.1820,0.1930,0.1971,0.5337,0.5431,0.0161,0.3057,-0.0034,-0.0076,0.0008,unclear,-0.0041,-0.0097,0.0016,unclear,-0.0094,-0.0208,0.0015,-0.0101,-0.0243,0.0045,False,"exploratory, unadjusted for multiple comparisons"
competition,seriea,strict,spread,score,1080,262,True,0.0929,0.1028,0.0916,0.1010,0.3118,0.3557,0.0148,0.1185,-0.0099,-0.0170,-0.0032,better,-0.0094,-0.0163,-0.0027,better,-0.0440,-0.0680,-0.0215,-0.0423,-0.0653,-0.0196,False,"exploratory, unadjusted for multiple comparisons"
competition,seriea,exploratory,team_total,score,378,50,True,0.1452,0.1623,0.1389,0.1542,0.4464,0.5019,0.0691,0.3836,-0.0171,-0.0304,-0.0044,better,-0.0153,-0.0263,-0.0042,better,-0.0555,-0.0984,-0.0159,-0.0471,-0.0814,-0.0149,False,"exploratory, unadjusted for multiple comparisons"
competition,seriea,strict,total,score,1125,261,True,0.1718,0.1681,0.1806,0.1753,0.5156,0.5106,0.0223,0.4080,0.0037,-0.0021,0.0093,unclear,0.0053,-0.0006,0.0111,unclear,0.0050,-0.0168,0.0228,0.0116,-0.0046,0.0272,False,"exploratory, unadjusted for multiple comparisons"
competition,ucl,exploratory,score_props,score,87,87,True,0.2415,0.2423,0.2415,0.2423,0.6783,0.6778,0.0739,0.5977,-0.0008,-0.0240,0.0243,unclear,-0.0008,-0.0240,0.0243,unclear,0.0005,-0.0533,0.0595,0.0005,-0.0533,0.0595,False,"exploratory, unadjusted for multiple comparisons"
competition,ucl,exploratory,segment,score,207,35,False,0.1801,0.1834,0.2039,0.2018,0.5340,0.5440,0.0355,0.3188,-0.0033,-0.0159,0.0120,,0.0022,-0.0175,0.0219,,-0.0100,-0.0396,0.0248,0.0038,-0.0432,0.0498,False,"exploratory, unadjusted for multiple comparisons"
competition,ucl,strict,spread,score,365,87,True,0.1470,0.1549,0.1443,0.1510,0.4495,0.4866,0.0559,0.2027,-0.0079,-0.0221,0.0062,unclear,-0.0067,-0.0208,0.0073,unclear,-0.0371,-0.0785,0.0026,-0.0328,-0.0720,0.0062,False,"exploratory, unadjusted for multiple comparisons"
competition,ucl,exploratory,team_total,score,52,6,False,0.1135,0.1562,0.1117,0.1530,0.3667,0.4867,0.0869,0.4038,-0.0427,-0.0770,-0.0158,,-0.0412,-0.0728,-0.0156,,-0.1201,-0.2269,-0.0415,-0.1151,-0.2142,-0.0406,False,"exploratory, unadjusted for multiple comparisons"
competition,ucl,strict,total,score,368,87,True,0.1942,0.1967,0.1960,0.1952,0.5739,0.6005,0.0684,0.5543,-0.0025,-0.0205,0.0184,unclear,0.0008,-0.0153,0.0194,unclear,-0.0266,-0.0845,0.0377,-0.0098,-0.0529,0.0403,False,"exploratory, unadjusted for multiple comparisons"
competition,uecl,strict,game_winner,score,135,45,False,0.2228,0.2118,0.2228,0.2118,0.6391,0.6112,0.0527,0.3333,0.0110,-0.0024,0.0240,,0.0110,-0.0024,0.0240,,0.0279,-0.0044,0.0599,0.0279,-0.0044,0.0599,False,"exploratory, unadjusted for multiple comparisons"
competition,uecl,exploratory,score_props,score,5,5,False,0.2623,0.2521,0.2623,0.2521,0.7181,0.6973,0.1479,0.4000,0.0102,-0.0293,0.0560,,0.0102,-0.0293,0.0560,,0.0208,-0.0590,0.1135,0.0208,-0.0590,0.1135,False,"exploratory, unadjusted for multiple comparisons"
competition,uecl,exploratory,segment,score,15,5,False,0.2084,0.2266,0.2084,0.2266,0.5971,0.6498,0.1379,0.3333,-0.0183,-0.0663,0.0216,,-0.0183,-0.0663,0.0216,,-0.0527,-0.1665,0.0427,-0.0527,-0.1665,0.0427,False,"exploratory, unadjusted for multiple comparisons"
competition,uecl,exploratory,spread,score,20,5,False,0.0648,0.0652,0.0648,0.0652,0.2566,0.2613,0.1159,0.0500,-0.0004,-0.0057,0.0049,,-0.0004,-0.0057,0.0049,,-0.0048,-0.0236,0.0156,-0.0048,-0.0236,0.0156,False,"exploratory, unadjusted for multiple comparisons"
competition,uecl,exploratory,total,score,20,5,False,0.2054,0.2030,0.2054,0.2030,0.5931,0.5863,0.2055,0.2500,0.0024,-0.0153,0.0256,,0.0024,-0.0153,0.0256,,0.0067,-0.0376,0.0655,0.0067,-0.0376,0.0655,False,"exploratory, unadjusted for multiple comparisons"
competition,uel,strict,game_winner,score,246,82,True,0.1977,0.2057,0.1977,0.2057,0.5819,0.5988,0.0417,0.3333,-0.0080,-0.0211,0.0055,unclear,-0.0080,-0.0211,0.0055,unclear,-0.0170,-0.0469,0.0137,-0.0170,-0.0469,0.0137,False,"exploratory, unadjusted for multiple comparisons"
competition,uel,exploratory,score_props,score,6,6,False,0.2248,0.2525,0.2248,0.2525,0.6421,0.6982,0.1390,0.5000,-0.0277,-0.0704,0.0155,,-0.0277,-0.0704,0.0155,,-0.0561,-0.1423,0.0306,-0.0561,-0.1423,0.0306,False,"exploratory, unadjusted for multiple comparisons"
competition,uel,exploratory,segment,score,24,6,False,0.2291,0.2436,0.2217,0.2277,0.6465,0.6852,0.2024,0.4167,-0.0145,-0.0313,0.0135,,-0.0060,-0.0246,0.0135,,-0.0388,-0.0823,0.0289,-0.0164,-0.0617,0.0289,False,"exploratory, unadjusted for multiple comparisons"
competition,uel,exploratory,spread,score,185,46,False,0.1365,0.1331,0.1363,0.1329,0.4447,0.4321,0.0606,0.1622,0.0034,-0.0035,0.0113,,0.0034,-0.0035,0.0113,,0.0126,-0.0158,0.0450,0.0126,-0.0159,0.0453,False,"exploratory, unadjusted for multiple comparisons"
competition,uel,exploratory,team_total,score,9,1,False,0.1727,0.1823,0.1727,0.1823,0.5049,0.5341,0.2929,0.4444,-0.0096,-0.0096,-0.0096,,-0.0096,-0.0096,-0.0096,,-0.0293,-0.0293,-0.0293,-0.0293,-0.0293,-0.0293,False,"exploratory, unadjusted for multiple comparisons"
competition,uel,exploratory,total,score,189,46,False,0.1941,0.1836,0.1975,0.1865,0.5759,0.5448,0.0505,0.4127,0.0105,-0.0125,0.0333,,0.0110,-0.0126,0.0345,,0.0311,-0.0278,0.0930,0.0322,-0.0286,0.0950,False,"exploratory, unadjusted for multiple comparisons"
competition,ufc,strict,game_winner,elo,877,439,True,0.2392,0.2500,0.2392,0.2500,0.6712,0.6931,0.0374,0.4994,-0.0108,-0.0196,-0.0018,better,-0.0108,-0.0195,-0.0018,better,-0.0220,-0.0399,-0.0032,-0.0220,-0.0399,-0.0032,False,"exploratory, unadjusted for multiple comparisons"
competition,ufc,exploratory,score_props,score,423,423,True,0.2380,0.2477,0.2380,0.2477,0.6683,0.6882,0.0740,0.4066,-0.0098,-0.0178,-0.0018,better,-0.0098,-0.0178,-0.0018,better,-0.0199,-0.0364,-0.0036,-0.0199,-0.0364,-0.0036,False,"exploratory, unadjusted for multiple comparisons"
competition,wnba,strict,game_winner,elo,688,343,True,0.2084,0.2476,0.2079,0.2474,0.6045,0.6883,0.0327,0.5000,-0.0392,-0.0558,-0.0229,better,-0.0395,-0.0562,-0.0232,better,-0.0837,-0.1199,-0.0476,-0.0844,-0.1206,-0.0481,False,"exploratory, unadjusted for multiple comparisons"
competition,wnba,exploratory,segment,score,22245,343,True,0.1914,0.2029,0.1961,0.2064,0.5632,0.5935,0.0166,0.3958,-0.0115,-0.0151,-0.0079,better,-0.0103,-0.0144,-0.0062,better,-0.0303,-0.0397,-0.0211,-0.0259,-0.0355,-0.0164,False,"exploratory, unadjusted for multiple comparisons"
competition,wnba,exploratory,spread,score,3671,343,True,0.2026,0.2256,0.1976,0.2176,0.6233,0.6850,0.0493,0.3321,-0.0229,-0.0324,-0.0134,better,-0.0200,-0.0286,-0.0109,better,-0.0618,-0.0927,-0.0322,-0.0508,-0.0755,-0.0247,False,"exploratory, unadjusted for multiple comparisons"
competition,wnba,exploratory,team_total,score,1941,100,True,0.1944,0.2160,0.1932,0.2104,0.5821,0.6561,0.1136,0.4436,-0.0216,-0.0424,0.0003,unclear,-0.0171,-0.0381,0.0047,unclear,-0.0740,-0.1374,-0.0101,-0.0591,-0.1202,0.0030,False,"exploratory, unadjusted for multiple comparisons"
competition,wnba,exploratory,total,score,3252,343,True,0.2531,0.2988,0.2361,0.2586,0.7619,0.9147,0.0972,0.5185,-0.0457,-0.0673,-0.0238,better,-0.0226,-0.0396,-0.0051,better,-0.1528,-0.2245,-0.0784,-0.0815,-0.1320,-0.0327,False,"exploratory, unadjusted for multiple comparisons"
sport_pool,Aussie Rules,kalshi_settlement_only,game_winner,elo,430,215,True,0.2186,0.2500,0.2186,0.2500,0.6276,0.6931,0.0873,0.5000,-0.0314,-0.0424,-0.0205,better,-0.0314,-0.0424,-0.0205,better,-0.0656,-0.0885,-0.0429,-0.0656,-0.0885,-0.0429,False,"exploratory, unadjusted for multiple comparisons"
sport_pool,Baseball,kalshi_settlement_only,game_winner,elo,18320,9160,True,0.2362,0.2500,0.2362,0.2500,0.6651,0.6931,0.0144,0.5000,-0.0138,-0.0157,-0.0117,better,-0.0138,-0.0157,-0.0117,better,-0.0281,-0.0322,-0.0238,-0.0281,-0.0322,-0.0238,False,"exploratory, unadjusted for multiple comparisons"
sport_pool,Baseball,strict,game_winner,elo,4890,2444,True,0.2471,0.2491,0.2470,0.2491,0.6875,0.6914,0.0252,0.5000,-0.0020,-0.0052,0.0012,unclear,-0.0021,-0.0052,0.0011,unclear,-0.0039,-0.0105,0.0028,-0.0041,-0.0106,0.0027,False,"exploratory, unadjusted for multiple comparisons"
sport_pool,Baseball,exploratory,segment,score,41284,2443,True,0.1928,0.1910,0.1924,0.1904,0.5679,0.5623,0.0277,0.4348,0.0018,0.0005,0.0031,worse,0.0020,0.0006,0.0032,worse,0.0056,0.0022,0.0088,0.0059,0.0025,0.0091,False,"exploratory, unadjusted for multiple comparisons"
sport_pool,Baseball,strict,spread,score,20988,2443,True,0.2157,0.2174,0.1944,0.1943,0.6648,0.6791,0.0719,0.2872,-0.0017,-0.0034,0.0001,unclear,0.0001,-0.0015,0.0016,unclear,-0.0144,-0.0224,-0.0065,-0.0053,-0.0107,0.0000,False,"exploratory, unadjusted for multiple comparisons"
sport_pool,Baseball,exploratory,team_total,score,33316,2379,True,0.1980,0.1974,0.1980,0.1974,0.5824,0.5805,0.0055,0.4599,0.0006,-0.0008,0.0020,unclear,0.0006,-0.0008,0.0020,unclear,0.0019,-0.0016,0.0053,0.0019,-0.0016,0.0053,False,"exploratory, unadjusted for multiple comparisons"
sport_pool,Baseball,strict,total,score,29794,2443,True,0.1947,0.1953,0.1880,0.1876,0.5843,0.5925,0.0334,0.5539,-0.0006,-0.0025,0.0012,unclear,0.0005,-0.0013,0.0021,unclear,-0.0082,-0.0149,-0.0019,-0.0030,-0.0083,0.0018,False,"exploratory, unadjusted for multiple comparisons"
sport_pool,Basketball,kalshi_settlement_only,game_winner,elo,8056,4024,True,0.2340,0.2500,0.2339,0.2500,0.6599,0.6931,0.0448,0.5000,-0.0160,-0.0186,-0.0137,better,-0.0161,-0.0186,-0.0137,better,-0.0332,-0.0385,-0.0282,-0.0333,-0.0386,-0.0283,False,"exploratory, unadjusted for multiple comparisons"
sport_pool,Basketball,strict,game_winner,elo,15716,7847,True,0.1918,0.2479,0.1917,0.2479,0.5617,0.6898,0.0327,0.5000,-0.0561,-0.0608,-0.0514,better,-0.0562,-0.0609,-0.0515,better,-0.1281,-0.1394,-0.1166,-0.1284,-0.1396,-0.1169,False,"exploratory, unadjusted for multiple comparisons"
sport_pool,Basketball,exploratory,segment,score,62529,2024,True,0.1745,0.1857,0.1710,0.1816,0.5217,0.5509,0.0103,0.3546,-0.0111,-0.0130,-0.0092,better,-0.0107,-0.0127,-0.0086,better,-0.0292,-0.0342,-0.0243,-0.0277,-0.0331,-0.0224,False,"exploratory, unadjusted for multiple comparisons"
sport_pool,Basketball,exploratory,spread,score,3671,343,True,0.2026,0.2256,0.1976,0.2176,0.6233,0.6850,0.0493,0.3321,-0.0229,-0.0320,-0.0137,better,-0.0200,-0.0285,-0.0113,better,-0.0618,-0.0927,-0.0314,-0.0508,-0.0752,-0.0266,False,"exploratory, unadjusted for multiple comparisons"
sport_pool,Basketball,strict,spread,score,47085,4319,True,0.1805,0.2046,0.1878,0.2103,0.5435,0.6072,0.0341,0.2974,-0.0241,-0.0271,-0.0212,better,-0.0225,-0.0254,-0.0195,better,-0.0637,-0.0719,-0.0551,-0.0597,-0.0679,-0.0514,False,"exploratory, unadjusted for multiple comparisons"
sport_pool,Basketball,exploratory,team_total,score,11427,629,True,0.1986,0.2218,0.1985,0.2208,0.5852,0.6493,0.0367,0.5136,-0.0232,-0.0287,-0.0176,better,-0.0222,-0.0277,-0.0166,better,-0.0640,-0.0798,-0.0482,-0.0608,-0.0760,-0.0457,False,"exploratory, unadjusted for multiple comparisons"
sport_pool,Basketball,exploratory,total,score,3252,343,True,0.2531,0.2988,0.2361,0.2586,0.7619,0.9147,0.0972,0.5185,-0.0457,-0.0663,-0.0234,better,-0.0226,-0.0391,-0.0046,better,-0.1528,-0.2208,-0.0838,-0.0815,-0.1293,-0.0309,False,"exploratory, unadjusted for multiple comparisons"
sport_pool,Basketball,strict,total,score,43868,4311,True,0.2160,0.2305,0.2196,0.2346,0.6237,0.6610,0.0603,0.4986,-0.0145,-0.0185,-0.0105,better,-0.0150,-0.0191,-0.0109,better,-0.0373,-0.0477,-0.0275,-0.0387,-0.0491,-0.0288,False,"exploratory, unadjusted for multiple comparisons"
sport_pool,Cricket,kalshi_settlement_only,game_winner,elo,4176,2088,True,0.2441,0.2500,0.2441,0.2500,0.6811,0.6931,0.0266,0.5000,-0.0059,-0.0080,-0.0038,better,-0.0059,-0.0080,-0.0038,better,-0.0120,-0.0162,-0.0077,-0.0120,-0.0162,-0.0077,False,"exploratory, unadjusted for multiple comparisons"
sport_pool,Darts,kalshi_settlement_only,game_winner,elo,958,479,True,0.2409,0.2500,0.2409,0.2500,0.6747,0.6931,0.0309,0.5000,-0.0091,-0.0152,-0.0027,better,-0.0091,-0.0152,-0.0027,better,-0.0185,-0.0313,-0.0054,-0.0185,-0.0313,-0.0054,False,"exploratory, unadjusted for multiple comparisons"
sport_pool,Esports,kalshi_settlement_only,game_winner,elo,16322,8159,True,0.2375,0.2500,0.2375,0.2500,0.6676,0.6931,0.0350,0.5000,-0.0125,-0.0141,-0.0109,better,-0.0125,-0.0142,-0.0109,better,-0.0256,-0.0290,-0.0223,-0.0256,-0.0290,-0.0223,False,"exploratory, unadjusted for multiple comparisons"
sport_pool,Football,kalshi_settlement_only,game_winner,elo,216,108,True,0.2372,0.2500,0.2372,0.2500,0.6668,0.6931,0.0508,0.5000,-0.0128,-0.0246,-0.0008,better,-0.0128,-0.0246,-0.0008,better,-0.0264,-0.0504,-0.0018,-0.0264,-0.0504,-0.0018,False,"exploratory, unadjusted for multiple comparisons"
sport_pool,Football,strict,game_winner,elo,1490,745,True,0.1832,0.2255,0.1832,0.2255,0.5472,0.6434,0.0254,0.5000,-0.0423,-0.0552,-0.0293,better,-0.0423,-0.0552,-0.0293,better,-0.0963,-0.1270,-0.0655,-0.0963,-0.1270,-0.0655,False,"exploratory, unadjusted for multiple comparisons"
sport_pool,Football,exploratory,segment,score,50663,717,True,0.1634,0.1668,0.1686,0.1735,0.4968,0.5037,0.0252,0.3739,-0.0034,-0.0069,-0.0000,better,-0.0049,-0.0102,0.0007,unclear,-0.0069,-0.0162,0.0024,-0.0059,-0.0208,0.0106,True,"exploratory, unadjusted for multiple comparisons"
sport_pool,Football,strict,spread,score,16868,747,True,0.2342,0.2374,0.2315,0.2392,0.6990,0.7011,0.1194,0.3682,-0.0032,-0.0130,0.0073,unclear,-0.0077,-0.0170,0.0025,unclear,-0.0022,-0.0319,0.0299,-0.0195,-0.0480,0.0115,False,"exploratory, unadjusted for multiple comparisons"
sport_pool,Football,exploratory,team_total,score,7930,328,True,0.1997,0.2083,0.1993,0.2091,0.5993,0.6149,0.0750,0.4995,-0.0086,-0.0183,0.0016,unclear,-0.0098,-0.0195,0.0005,unclear,-0.0155,-0.0438,0.0136,-0.0194,-0.0484,0.0098,False,"exploratory, unadjusted for multiple comparisons"
sport_pool,Football,strict,team_total,score,1992,77,True,0.1480,0.1527,0.1516,0.1563,0.4525,0.4643,0.0295,0.4895,-0.0048,-0.0121,0.0021,unclear,-0.0047,-0.0121,0.0023,unclear,-0.0118,-0.0319,0.0071,-0.0119,-0.0325,0.0074,False,"exploratory, unadjusted for multiple comparisons"
sport_pool,Football,strict,total,score,12865,747,True,0.1897,0.1936,0.1873,0.1917,0.5667,0.5753,0.0228,0.4975,-0.0039,-0.0076,-0.0001,better,-0.0044,-0.0081,-0.0008,better,-0.0086,-0.0178,0.0009,-0.0108,-0.0196,-0.0013,False,"exploratory, unadjusted for multiple comparisons"
sport_pool,Golf,exploratory,field_finish,score,12770,38,True,0.0909,0.0958,0.1007,0.1054,0.3117,0.3317,0.0166,0.1143,-0.0049,-0.0065,-0.0032,better,-0.0047,-0.0068,-0.0026,better,-0.0200,-0.0270,-0.0124,-0.0190,-0.0268,-0.0111,False,"exploratory, unadjusted for multiple comparisons"
sport_pool,Golf,strict,field_finish,score,4257,38,True,0.0085,0.0086,0.0097,0.0099,0.0461,0.0494,0.0003,0.0087,-0.0001,-0.0002,0.0000,unclear,-0.0002,-0.0005,0.0000,unclear,-0.0032,-0.0052,-0.0012,-0.0038,-0.0071,-0.0009,False,"exploratory, unadjusted for multiple comparisons"
sport_pool,Hockey,kalshi_settlement_only,game_winner,elo,4456,2228,True,0.2448,0.2500,0.2448,0.2500,0.6829,0.6931,0.0186,0.5000,-0.0052,-0.0088,-0.0017,better,-0.0052,-0.0088,-0.0017,better,-0.0103,-0.0176,-0.0030,-0.0103,-0.0176,-0.0030,False,"exploratory, unadjusted for multiple comparisons"
sport_pool,Hockey,strict,game_winner,elo,1616,808,True,0.2436,0.2499,0.2436,0.2499,0.6803,0.6929,0.0178,0.5000,-0.0063,-0.0126,-0.0004,better,-0.0063,-0.0126,-0.0004,better,-0.0126,-0.0255,-0.0004,-0.0126,-0.0255,-0.0004,False,"exploratory, unadjusted for multiple comparisons"
sport_pool,Hockey,exploratory,segment,score,1040,42,False,0.1851,0.1843,0.1864,0.1858,0.5512,0.5488,0.0241,0.3817,0.0008,-0.0026,0.0040,,0.0007,-0.0028,0.0039,,0.0024,-0.0069,0.0112,0.0020,-0.0074,0.0111,False,"exploratory, unadjusted for multiple comparisons"
sport_pool,Hockey,strict,spread,score,3365,806,True,0.1756,0.1790,0.1769,0.1806,0.5340,0.5422,0.0294,0.2398,-0.0034,-0.0067,-0.0000,better,-0.0037,-0.0071,-0.0002,better,-0.0082,-0.0183,0.0020,-0.0091,-0.0191,0.0013,False,"exploratory, unadjusted for multiple comparisons"
sport_pool,Hockey,exploratory,team_total,score,420,42,False,0.1916,0.1922,0.1916,0.1922,0.5695,0.5693,0.0482,0.4071,-0.0006,-0.0079,0.0067,,-0.0006,-0.0079,0.0067,,0.0002,-0.0195,0.0198,0.0002,-0.0195,0.0198,False,"exploratory, unadjusted for multiple comparisons"
sport_pool,Hockey,strict,total,score,5616,806,True,0.1604,0.1588,0.1637,0.1624,0.4921,0.4882,0.0214,0.5479,0.0016,-0.0011,0.0042,unclear,0.0013,-0.0017,0.0040,unclear,0.0039,-0.0042,0.0114,0.0038,-0.0037,0.0108,False,"exploratory, unadjusted for multiple comparisons"
sport_pool,Lacrosse,kalshi_settlement_only,game_winner,elo,988,494,True,0.2384,0.2500,0.2384,0.2500,0.6697,0.6931,0.0494,0.5000,-0.0116,-0.0162,-0.0069,better,-0.0116,-0.0162,-0.0069,better,-0.0235,-0.0328,-0.0138,-0.0235,-0.0328,-0.0138,False,"exploratory, unadjusted for multiple comparisons"
sport_pool,MMA,kalshi_settlement_only,game_winner,elo,30,15,False,0.2500,0.2500,0.2500,0.2500,0.6931,0.6931,0.0000,0.5000,0.0000,0.0000,0.0000,,0.0000,0.0000,0.0000,,0.0000,0.0000,0.0000,0.0000,0.0000,0.0000,False,"exploratory, unadjusted for multiple comparisons"
sport_pool,MMA,strict,game_winner,elo,877,439,True,0.2392,0.2500,0.2392,0.2500,0.6712,0.6931,0.0374,0.4994,-0.0108,-0.0191,-0.0016,better,-0.0108,-0.0191,-0.0016,better,-0.0220,-0.0393,-0.0029,-0.0220,-0.0392,-0.0029,False,"exploratory, unadjusted for multiple comparisons"
sport_pool,MMA,exploratory,score_props,score,423,423,True,0.2380,0.2477,0.2380,0.2477,0.6683,0.6882,0.0740,0.4066,-0.0098,-0.0177,-0.0020,better,-0.0098,-0.0177,-0.0020,better,-0.0199,-0.0359,-0.0040,-0.0199,-0.0359,-0.0040,False,"exploratory, unadjusted for multiple comparisons"
sport_pool,Motorsport,exploratory,field_finish,score,698,16,True,0.1559,0.2124,0.1556,0.2124,0.6432,0.6138,0.1081,0.3424,-0.0564,-0.0910,-0.0200,better,-0.0568,-0.0911,-0.0206,better,0.0294,-0.1271,0.2046,0.0280,-0.1275,0.2029,False,"exploratory, unadjusted for multiple comparisons"
sport_pool,Motorsport,strict,field_finish,score,698,16,True,0.0756,0.0812,0.0755,0.0812,0.2325,0.2933,0.0360,0.0917,-0.0056,-0.0140,0.0022,unclear,-0.0057,-0.0140,0.0020,unclear,-0.0607,-0.0870,-0.0351,-0.0612,-0.0873,-0.0354,False,"exploratory, unadjusted for multiple comparisons"
sport_pool,Rugby,kalshi_settlement_only,game_winner,elo,98,49,False,0.2523,0.2500,0.2523,0.2500,0.6977,0.6931,0.0735,0.5000,0.0023,-0.0037,0.0078,,0.0023,-0.0037,0.0078,,0.0045,-0.0075,0.0156,0.0045,-0.0075,0.0156,False,"exploratory, unadjusted for multiple comparisons"
sport_pool,Soccer,exploratory,game_winner,score,1761,586,True,0.2126,0.2174,0.2127,0.2175,0.6149,0.6259,0.0104,0.3333,-0.0048,-0.0081,-0.0014,better,-0.0047,-0.0081,-0.0014,better,-0.0110,-0.0185,-0.0034,-0.0109,-0.0185,-0.0033,False,"exploratory, unadjusted for multiple comparisons"
sport_pool,Soccer,strict,game_winner,score,8925,2975,True,0.2013,0.2166,0.2013,0.2166,0.5895,0.6241,0.0174,0.3333,-0.0153,-0.0182,-0.0124,better,-0.0153,-0.0182,-0.0124,better,-0.0345,-0.0413,-0.0277,-0.0345,-0.0413,-0.0277,False,"exploratory, unadjusted for multiple comparisons"
sport_pool,Soccer,exploratory,score_props,score,1198,1198,True,0.2408,0.2427,0.2408,0.2427,0.6744,0.6786,0.0380,0.5943,-0.0020,-0.0053,0.0013,unclear,-0.0020,-0.0053,0.0013,unclear,-0.0041,-0.0114,0.0032,-0.0041,-0.0114,0.0032,False,"exploratory, unadjusted for multiple comparisons"
sport_pool,Soccer,strict,score_props,score,1194,1193,True,0.2449,0.2452,0.2448,0.2451,0.6828,0.6835,0.0375,0.5637,-0.0003,-0.0045,0.0038,unclear,-0.0003,-0.0044,0.0038,unclear,-0.0008,-0.0093,0.0078,-0.0007,-0.0092,0.0078,False,"exploratory, unadjusted for multiple comparisons"
sport_pool,Soccer,exploratory,segment,score,13262,1464,True,0.1781,0.1815,0.1866,0.1899,0.5333,0.5428,0.0094,0.3169,-0.0034,-0.0049,-0.0020,better,-0.0033,-0.0053,-0.0015,better,-0.0095,-0.0134,-0.0054,-0.0087,-0.0136,-0.0040,False,"exploratory, unadjusted for multiple comparisons"
sport_pool,Soccer,exploratory,spread,score,7034,1616,True,0.0966,0.1026,0.0905,0.0954,0.3344,0.3595,0.0158,0.1204,-0.0060,-0.0082,-0.0039,better,-0.0049,-0.0070,-0.0029,better,-0.0251,-0.0340,-0.0172,-0.0199,-0.0275,-0.0127,False,"exploratory, unadjusted for multiple comparisons"
sport_pool,Soccer,strict,spread,score,5374,1283,True,0.1016,0.1099,0.0985,0.1058,0.3408,0.3762,0.0078,0.1301,-0.0084,-0.0116,-0.0054,better,-0.0073,-0.0104,-0.0044,better,-0.0354,-0.0468,-0.0246,-0.0309,-0.0408,-0.0215,False,"exploratory, unadjusted for multiple comparisons"
sport_pool,Soccer,exploratory,team_total,score,5073,652,True,0.1618,0.1689,0.1584,0.1637,0.4944,0.5211,0.0172,0.3836,-0.0072,-0.0105,-0.0040,better,-0.0053,-0.0083,-0.0024,better,-0.0267,-0.0386,-0.0153,-0.0196,-0.0292,-0.0102,False,"exploratory, unadjusted for multiple comparisons"
sport_pool,Soccer,exploratory,total,score,8990,1616,True,0.1553,0.1549,0.1626,0.1609,0.4739,0.4731,0.0127,0.4310,0.0004,-0.0015,0.0022,unclear,0.0017,-0.0004,0.0038,unclear,0.0008,-0.0045,0.0059,0.0049,-0.0005,0.0103,False,"exploratory, unadjusted for multiple comparisons"
sport_pool,Soccer,strict,total,score,5665,1281,True,0.1764,0.1774,0.1832,0.1827,0.5301,0.5353,0.0124,0.4591,-0.0010,-0.0043,0.0023,unclear,0.0005,-0.0029,0.0038,unclear,-0.0053,-0.0158,0.0044,0.0002,-0.0088,0.0090,False,"exploratory, unadjusted for multiple comparisons"
sport_pool,Squash,kalshi_settlement_only,game_winner,elo,338,169,True,0.2430,0.2500,0.2430,0.2500,0.6790,0.6931,0.1036,0.5000,-0.0070,-0.0096,-0.0046,better,-0.0070,-0.0096,-0.0046,better,-0.0141,-0.0192,-0.0093,-0.0141,-0.0192,-0.0093,False,"exploratory, unadjusted for multiple comparisons"
sport_pool,Table Tennis,kalshi_settlement_only,game_winner,elo,29358,14679,True,0.2421,0.2500,0.2421,0.2500,0.6771,0.6931,0.0192,0.5000,-0.0079,-0.0095,-0.0062,better,-0.0079,-0.0095,-0.0062,better,-0.0160,-0.0196,-0.0125,-0.0160,-0.0196,-0.0125,False,"exploratory, unadjusted for multiple comparisons"
sport_pool,Tennis,kalshi_settlement_only,game_winner,elo,118242,59121,True,0.2409,0.2500,0.2409,0.2500,0.6744,0.6931,0.0232,0.5000,-0.0091,-0.0097,-0.0085,better,-0.0091,-0.0097,-0.0085,better,-0.0188,-0.0200,-0.0175,-0.0188,-0.0200,-0.0175,False,"exploratory, unadjusted for multiple comparisons"
sport_pool,Volleyball,kalshi_settlement_only,game_winner,elo,1568,784,True,0.2397,0.2500,0.2397,0.2500,0.6723,0.6931,0.0859,0.5000,-0.0103,-0.0128,-0.0079,better,-0.0103,-0.0128,-0.0079,better,-0.0208,-0.0259,-0.0159,-0.0208,-0.0259,-0.0159,False,"exploratory, unadjusted for multiple comparisons"
