group_by,group,kind,name,contracts,events,brier,brier_event,log_loss,log_loss_event
all,all,candidate,frozen,212,11,0.174657,0.196729,0.517993,0.570650
all,all,candidate,calibrated,0,0,,,,
all,all,candidate,market,37,7,0.191027,0.181818,0.547745,0.533582
all,all,candidate,blend,0,0,,,,
all,all,paired_diff,frozen-market,37,7,0.011033,0.041589,0.036576,0.097751
all,all,paired_diff,calibrated-frozen,0,0,,,,
all,all,paired_diff,blend-frozen,0,0,,,,
all,all,paired_diff,blend-market,0,0,,,,
sport,Soccer,candidate,frozen,208,9,0.172454,0.176174,0.513026,0.524952
sport,Soccer,candidate,calibrated,0,0,,,,
sport,Soccer,candidate,market,35,5,0.193176,0.193176,0.551049,0.551049
sport,Soccer,candidate,blend,0,0,,,,
sport,Soccer,paired_diff,frozen-market,35,5,0.003904,0.003904,0.022302,0.022302
sport,Soccer,paired_diff,calibrated-frozen,0,0,,,,
sport,Soccer,paired_diff,blend-frozen,0,0,,,,
sport,Soccer,paired_diff,blend-market,0,0,,,,
sport,Table Tennis,candidate,frozen,2,1,0.426025,0.426025,1.057583,1.057583
sport,Table Tennis,candidate,calibrated,0,0,,,,
sport,Table Tennis,candidate,market,1,1,0.225625,0.225625,0.644357,0.644357
sport,Table Tennis,candidate,blend,0,0,,,,
sport,Table Tennis,paired_diff,frozen-market,1,1,0.200400,0.200400,0.413226,0.413226
sport,Table Tennis,paired_diff,calibrated-frozen,0,0,,,,
sport,Table Tennis,paired_diff,blend-frozen,0,0,,,,
sport,Table Tennis,paired_diff,blend-market,0,0,,,,
sport,Tennis,candidate,frozen,2,1,0.152432,0.152432,0.494994,0.494994
sport,Tennis,candidate,calibrated,0,0,,,,
sport,Tennis,candidate,market,1,1,0.081225,0.081225,0.335473,0.335473
sport,Tennis,candidate,blend,0,0,,,,
sport,Tennis,paired_diff,frozen-market,1,1,0.071207,0.071207,0.159521,0.159521
sport,Tennis,paired_diff,calibrated-frozen,0,0,,,,
sport,Tennis,paired_diff,blend-frozen,0,0,,,,
sport,Tennis,paired_diff,blend-market,0,0,,,,
competition,bundesliga,candidate,frozen,182,5,0.172297,0.172128,0.511407,0.511013
competition,bundesliga,candidate,calibrated,0,0,,,,
competition,bundesliga,candidate,market,35,5,0.193176,0.193176,0.551049,0.551049
competition,bundesliga,candidate,blend,0,0,,,,
competition,bundesliga,paired_diff,frozen-market,35,5,0.003904,0.003904,0.022302,0.022302
competition,bundesliga,paired_diff,calibrated-frozen,0,0,,,,
competition,bundesliga,paired_diff,blend-frozen,0,0,,,,
competition,bundesliga,paired_diff,blend-market,0,0,,,,
competition,eflc,candidate,frozen,6,2,0.189674,0.189674,0.560671,0.560671
competition,eflc,candidate,calibrated,0,0,,,,
competition,eflc,candidate,market,0,0,,,,
competition,eflc,candidate,blend,0,0,,,,
competition,eflc,paired_diff,frozen-market,0,0,,,,
competition,eflc,paired_diff,calibrated-frozen,0,0,,,,
competition,eflc,paired_diff,blend-frozen,0,0,,,,
competition,eflc,paired_diff,blend-market,0,0,,,,
competition,epl,candidate,frozen,9,1,0.213611,0.213611,0.630203,0.630203
competition,epl,candidate,calibrated,0,0,,,,
competition,epl,candidate,market,0,0,,,,
competition,epl,candidate,blend,0,0,,,,
competition,epl,paired_diff,frozen-market,0,0,,,,
competition,epl,paired_diff,calibrated-frozen,0,0,,,,
competition,epl,paired_diff,blend-frozen,0,0,,,,
competition,epl,paired_diff,blend-market,0,0,,,,
competition,k_kxatpchallengermatch,candidate,frozen,2,1,0.152432,0.152432,0.494994,0.494994
competition,k_kxatpchallengermatch,candidate,calibrated,0,0,,,,
competition,k_kxatpchallengermatch,candidate,market,1,1,0.081225,0.081225,0.335473,0.335473
competition,k_kxatpchallengermatch,candidate,blend,0,0,,,,
competition,k_kxatpchallengermatch,paired_diff,frozen-market,1,1,0.071207,0.071207,0.159521,0.159521
competition,k_kxatpchallengermatch,paired_diff,calibrated-frozen,0,0,,,,
competition,k_kxatpchallengermatch,paired_diff,blend-frozen,0,0,,,,
competition,k_kxatpchallengermatch,paired_diff,blend-market,0,0,,,,
competition,k_kxttstarmatch,candidate,frozen,2,1,0.426025,0.426025,1.057583,1.057583
competition,k_kxttstarmatch,candidate,calibrated,0,0,,,,
competition,k_kxttstarmatch,candidate,market,1,1,0.225625,0.225625,0.644357,0.644357
competition,k_kxttstarmatch,candidate,blend,0,0,,,,
competition,k_kxttstarmatch,paired_diff,frozen-market,1,1,0.200400,0.200400,0.413226,0.413226
competition,k_kxttstarmatch,paired_diff,calibrated-frozen,0,0,,,,
competition,k_kxttstarmatch,paired_diff,blend-frozen,0,0,,,,
competition,k_kxttstarmatch,paired_diff,blend-market,0,0,,,,
competition,saudi,candidate,frozen,11,1,0.131969,0.131969,0.417955,0.417955
competition,saudi,candidate,calibrated,0,0,,,,
competition,saudi,candidate,market,0,0,,,,
competition,saudi,candidate,blend,0,0,,,,
competition,saudi,paired_diff,frozen-market,0,0,,,,
competition,saudi,paired_diff,calibrated-frozen,0,0,,,,
competition,saudi,paired_diff,blend-frozen,0,0,,,,
competition,saudi,paired_diff,blend-market,0,0,,,,
family,game_winner,candidate,frozen,19,7,0.275887,0.277158,0.754569,0.756638
family,game_winner,candidate,calibrated,0,0,,,,
family,game_winner,candidate,market,7,7,0.185207,0.185207,0.536213,0.536213
family,game_winner,candidate,blend,0,0,,,,
family,game_winner,paired_diff,frozen-market,7,7,0.068916,0.068916,0.162086,0.162086
family,game_winner,paired_diff,calibrated-frozen,0,0,,,,
family,game_winner,paired_diff,blend-frozen,0,0,,,,
family,game_winner,paired_diff,blend-market,0,0,,,,
family,score_props,candidate,frozen,6,6,0.241407,0.241407,0.674277,0.674277
family,score_props,candidate,calibrated,0,0,,,,
family,score_props,candidate,market,0,0,,,,
family,score_props,candidate,blend,0,0,,,,
family,score_props,paired_diff,frozen-market,0,0,,,,
family,score_props,paired_diff,calibrated-frozen,0,0,,,,
family,score_props,paired_diff,blend-frozen,0,0,,,,
family,score_props,paired_diff,blend-market,0,0,,,,
family,segment,candidate,frozen,106,9,0.163484,0.168561,0.493377,0.507580
family,segment,candidate,calibrated,0,0,,,,
family,segment,candidate,market,0,0,,,,
family,segment,candidate,blend,0,0,,,,
family,segment,paired_diff,frozen-market,0,0,,,,
family,segment,paired_diff,calibrated-frozen,0,0,,,,
family,segment,paired_diff,blend-frozen,0,0,,,,
family,segment,paired_diff,blend-market,0,0,,,,
family,spread,candidate,frozen,20,5,0.068853,0.068853,0.257542,0.257542
family,spread,candidate,calibrated,0,0,,,,
family,spread,candidate,market,10,5,0.117665,0.117665,0.359288,0.359288
family,spread,candidate,blend,0,0,,,,
family,spread,paired_diff,frozen-market,10,5,0.003592,0.003592,0.040287,0.040287
family,spread,paired_diff,calibrated-frozen,0,0,,,,
family,spread,paired_diff,blend-frozen,0,0,,,,
family,spread,paired_diff,blend-market,0,0,,,,
family,team_total,candidate,frozen,30,5,0.217121,0.217121,0.628225,0.628225
family,team_total,candidate,calibrated,0,0,,,,
family,team_total,candidate,market,10,5,0.229605,0.229605,0.645085,0.645085
family,team_total,candidate,blend,0,0,,,,
family,team_total,paired_diff,frozen-market,10,5,0.001940,0.001940,0.006880,0.006880
family,team_total,paired_diff,calibrated-frozen,0,0,,,,
family,team_total,paired_diff,blend-frozen,0,0,,,,
family,team_total,paired_diff,blend-market,0,0,,,,
family,total,candidate,frozen,31,6,0.165063,0.143121,0.488277,0.432668
family,total,candidate,calibrated,0,0,,,,
family,total,candidate,market,10,5,0.229885,0.229885,0.646935,0.646935
family,total,candidate,blend,0,0,,,,
family,total,paired_diff,frozen-market,10,5,-0.012949,-0.012949,-0.025295,-0.025295
family,total,paired_diff,calibrated-frozen,0,0,,,,
family,total,paired_diff,blend-frozen,0,0,,,,
family,total,paired_diff,blend-market,0,0,,,,
cohort,exploratory,candidate,frozen,138,9,0.174699,0.177459,0.521323,0.529684
cohort,exploratory,candidate,calibrated,0,0,,,,
cohort,exploratory,candidate,market,10,5,0.229605,0.229605,0.645085,0.645085
cohort,exploratory,candidate,blend,0,0,,,,
cohort,exploratory,paired_diff,frozen-market,10,5,0.001940,0.001940,0.006880,0.006880
cohort,exploratory,paired_diff,calibrated-frozen,0,0,,,,
cohort,exploratory,paired_diff,blend-frozen,0,0,,,,
cohort,exploratory,paired_diff,blend-market,0,0,,,,
cohort,kalshi_settlement_only,candidate,frozen,4,2,0.289228,0.289228,0.776288,0.776288
cohort,kalshi_settlement_only,candidate,calibrated,0,0,,,,
cohort,kalshi_settlement_only,candidate,market,2,2,0.153425,0.153425,0.489915,0.489915
cohort,kalshi_settlement_only,candidate,blend,0,0,,,,
cohort,kalshi_settlement_only,paired_diff,frozen-market,2,2,0.135803,0.135803,0.286374,0.286374
cohort,kalshi_settlement_only,paired_diff,calibrated-frozen,0,0,,,,
cohort,kalshi_settlement_only,paired_diff,blend-frozen,0,0,,,,
cohort,kalshi_settlement_only,paired_diff,blend-market,0,0,,,,
cohort,strict,candidate,frozen,70,5,0.168027,0.168027,0.496669,0.496669
cohort,strict,candidate,calibrated,0,0,,,,
cohort,strict,candidate,market,25,5,0.178604,0.178604,0.513435,0.513435
cohort,strict,candidate,blend,0,0,,,,
cohort,strict,paired_diff,frozen-market,25,5,0.004689,0.004689,0.028471,0.028471
cohort,strict,paired_diff,calibrated-frozen,0,0,,,,
cohort,strict,paired_diff,blend-frozen,0,0,,,,
cohort,strict,paired_diff,blend-market,0,0,,,,
